title,story_id,type,link,author,tags,gpstory,update_time_stamp,is_delete,language,storyBook_id
【大聯盟球場之旅EP.24】在紐約遇到來看球的野生籃籃！這一握我看...,258,youtube,https://www.youtube.com/watch?v=tIn5_egtyYw,台南Josh,,,Sat Mar 30 2024 14:29:39 GMT+0800 (台北標準時間),,,
《一日系列第二百一十二集》不可能要這樣打掃吧!?邰哥泱泱瑪利亞阿中帶你體會極致的清潔!!! - 一日溫泉旅館員工,257,youtube,https://www.youtube.com/watch?v=LO9_wTylqOQ,木曜4超玩,,,Fri Mar 29 2024 08:39:09 GMT+0800 (台北標準時間),,,
從日本隨機帶路人回台灣！日本小帥哥第一次逛夜市超興奮！,256,youtube,https://www.youtube.com/watch?v=kcjQ7N_jTZ8,The DoDo Men - 嘟嘟人,,,Sat Feb 24 2024 17:43:29 GMT+0800 (台北標準時間),,,
【打造會發光的RGB滑雪板！】日本人傻爆眼！順便打造專屬滑雪道！？,255,youtube,https://www.youtube.com/watch?v=oM3acsoYo80,黃小潔Jerry,,,Sun Jan 28 2024 10:14:56 GMT+0800 (台北標準時間),,,
紐奧良 / 騎車逛逛最不一樣的美國城市 / Insta360 美國紐奧良自行車導覽 / 路易西安那州景點 / 紐奧良雞翅 / Insta360 Ace Pro & X3 攝影機 / 自行車 折疊車,254,youtube,https://www.youtube.com/watch?v=bH-N9iMlAUc,可利呼。CLIFF,,,Sun Jan 28 2024 09:01:44 GMT+0800 (台北標準時間),,,
【逛吃4K】秒杀味蕾之最棒烤鸡，大仁哥亲自上阵传授秘诀，解锁多种台湾新菜式--------点击下方展开有链接快速加入全球esim卡一级代理商！附全程解说及操作流程，赶快加入我们！,253,youtube,https://www.youtube.com/watch?v=9xbGT4VqPjk,Sean逛吃TV,,,Sat Jan 27 2024 09:24:00 GMT+0800 (台北標準時間),,,
【日本野太美】溫泉女神日本大集合！雪景露天風呂太健康！,252,youtube,https://www.youtube.com/watch?v=jTpYNi6a6tQ,大海旅人吳威毅,,,Fri Jan 26 2024 18:36:51 GMT+0800 (台北標準時間),,,
「🇫🇷爸爸媽媽住台灣」帶爸媽去體驗台灣小漁村!!到貢寮漁村吃鮑魚吃到飽!! 不敢吃生食的媽媽居然會愛上新鮮鮑魚 Taiwan Vlog,251,youtube,https://www.youtube.com/watch?v=bDLTDedqkX4,法國Anna,,,Mon Jan 22 2024 08:07:44 GMT+0800 (台北標準時間),,,
大學生經營的中華料理店、從小一起長大的兩個台日女孩決定一起做下去的理由是？,250,youtube,https://www.youtube.com/watch?v=gtbb1WpvoBQ,鈴木的日常 ,,,Fri Jan 12 2024 18:31:42 GMT+0800 (台北標準時間),,,
來越南峴港玩太超值了吧😳免二千就能住海景房和享受屋頂泳池還附早餐！爽吃海鮮龍蝦不到台幣一千🦞(請開中文CC字幕),249,youtube,https://www.youtube.com/watch?v=_kUQaWqlQBU,Eliza Ang,,,Wed Jan 10 2024 22:04:35 GMT+0800 (台北標準時間),,,
越南Vlog｜中越峴港 顛覆你對越南的想像 一次玩遍中越山海景點,248,youtube,https://www.youtube.com/watch?v=WcVKV_SdnII,TRA Travel,,,Wed Jan 10 2024 21:59:23 GMT+0800 (台北標準時間),,,
一日爆吃五家😍泰國曼谷街頭米其林精選！黏呼呼炒冬粉竟然超好吃？皇家秘方的芒果糯米飯？！II Bangkok曼谷,247,youtube,https://www.youtube.com/watch?v=NoWHmhxOZp4,阿臉呷跨賣,,,Wed Jan 10 2024 21:53:57 GMT+0800 (台北標準時間),,,
2023泰國曼谷最懶人攻略，30分鐘全面了解曼谷，3分鐘提升人身安全,246,youtube,https://www.youtube.com/watch?v=ar3YgZEOugc,飛行地圖-旅遊.美食.景點,,,Sat Dec 23 2023 23:00:29 GMT+0800 (台北標準時間),,,
紅大哥水門雞飯(總店),245,,,,,,,,,
泰國必逛！曼谷最大吞武里海鮮市場！實現海鮮自由～超大現烤龍蝦！免費代客料理！滿滿蝦膏泰國蝦！一整天逛不完啦｜內內,244,youtube,https://www.youtube.com/watch?v=5T93EcGOask,內內 Nene,,,Sat Dec 23 2023 22:49:23 GMT+0800 (台北標準時間),,,
必來!! 真心話開箱日本人才去の”深”海鮮天堂「金澤 近江町市場」真的超過北海道欸...,243,youtube,https://www.youtube.com/watch?v=jJCTkEpPzn4,TommyTommy Japan,,,Sat Dec 23 2023 18:22:22 GMT+0800 (台北標準時間),,,
馬德里路邊交爆朋友！外國人亂認岳父！西班牙人每天吃五餐！Feat.TEL-U,242,youtube,https://www.youtube.com/watch?v=LvEjSpZ9zHY,金魚腦Goldfish Brain,,,Fri Dec 15 2023 15:30:59 GMT+0800 (台北標準時間),,,
【 新竹美食】我的口袋名單！新竹最愛三大餐廳 🤤 My Top 3 Restaurants in Hsinchu,241,youtube,https://www.youtube.com/watch?v=7gPXha7EVSQ,Mei Liu,,,Sat Dec 02 2023 18:38:08 GMT+0800 (台北標準時間),,,
新竹美食竹北篇，24小時爽吃特輯四選 ! 竹北一日美食推薦，激推新竹滷肉王、濃醇起司大水管麵、來自沖繩正宗拉麵、道地美式煙燻BBQ 【 肥波外食記 】,240,youtube,https://www.youtube.com/watch?v=VzV615Ey0t4,肥波開吃啦,,,Sat Dec 02 2023 15:52:47 GMT+0800 (台北標準時間),,,
炭火燉的炕肉飯 焦糖肉皮入口即化｜早餐就吃羊肉爐 彰化人真哈扣 ｜參見芭樂王！【鬧著玩 420】,239,youtube,https://www.youtube.com/watch?v=cPDznVTaJc4,鬧著玩娛樂,,,Fri Dec 01 2023 13:18:33 GMT+0800 (台北標準時間),,,
【#Andy哥炫Food日記EP19】中和 山間倉房 日式蔬食料理 特別來賓 吳欣盈 副總統候選人,238,youtube,https://www.youtube.com/watch?v=6DGRtBNS3Do,邱臣遠,,,Sat Nov 25 2023 16:28:05 GMT+0800 (台北標準時間),,,
人氣旺！ 紐約梅西百貨感恩節遊行邁入第97屆,237,youtube,https://www.youtube.com/watch?v=SSZu6hhzNGk,台視新聞 TTV NEWS,bucket list,,Sat Nov 25 2023 14:26:31 GMT+0800 (台北標準時間),,,
高山症發作也捨不得走！戶外活動的天堂城市：丹佛,236,youtube,https://www.youtube.com/watch?v=Js8ZPZiE77w,阿淇博士 Dr. Achi ,,,Sat Nov 25 2023 11:29:42 GMT+0800 (台北標準時間),,,
丹佛重口味異國美食！油炸、重鹹、澱粉滿滿的罪惡食記,235,youtube,https://www.youtube.com/watch?v=I2tGgIABzAw,阿淇博士 Dr. Achi ,,,Sat Nov 25 2023 11:08:17 GMT+0800 (台北標準時間),,,
BEST 12 Things to do in Muscat Oman in 2023 🇴🇲,234,youtube,https://www.youtube.com/watch?v=MqNUJltF6ns,Our Travel Place,,,Sun Nov 05 2023 14:54:21 GMT+0800 (台北標準時間),,,
全世界最低調的國家！中東樂土小國的最佳典範！全國禁蓋豪華建築！超市物價竟然比台灣便宜！治安超好又友善| 阿曼EP1,233,youtube,https://www.youtube.com/watch?v=ogHvPRxW4Bs,旅遊真台灣 Lena & Patrick,,,Sun Nov 05 2023 13:10:44 GMT+0800 (台北標準時間),,,
"Seville, Spain Itinerary | The Best Things To Do In 3 Days",232,youtube,https://www.youtube.com/watch?v=MqNUJltF6ns,Our Travel Place,,,Sun Nov 05 2023 09:55:04 GMT+0800 (台北標準時間),,,
台北｜暫不工作30歲：他旅行自備衛生紙、她八年來台灣七次｜#百萬種生活,231,youtube,https://www.youtube.com/watch?v=awA4cvFcALY,誰來晚餐 GuessWho,,,Sun Nov 05 2023 07:39:37 GMT+0800 (台北標準時間),,,
完整教學 2023 西班牙塞維亞 景點介紹+路線規劃 2~3日遊攻略 | 塞維利亞自由行 | 🇪🇸 歐洲自助旅遊行前須知懶人包,230,youtube,https://www.youtube.com/watch?v=KIXinJtrVOo,詹姆士與艾瑞兒 James & Ariel,,,Fri Nov 03 2023 18:37:31 GMT+0800 (台北標準時間),,,
2023 巴塞隆納必吃 Tapas 🦐 | 西班牙自由行須知 行動支付+餐廳營業時間 | 🇪🇸 歐洲自助旅遊行前全攻略,229,youtube,https://www.youtube.com/watch?v=prLUBza5kmE,詹姆士與艾瑞兒 James & Ariel,,,Fri Nov 03 2023 18:23:18 GMT+0800 (台北標準時間),,,
巴塞隆納不可錯過的美食 🥘 完整介紹+推薦伴手禮 | 西班牙自由行攻略 | 🇪🇸 歐洲自助旅遊行前須知懶人包,228,youtube,https://www.youtube.com/watch?v=Sd2hn6uskDw,詹姆士與艾瑞兒 James & Ariel,,,Fri Nov 03 2023 18:18:07 GMT+0800 (台北標準時間),,,
新竹好吃的炒飯,227,gpstory,,,,,Sat Oct 21 2023 10:21:49 GMT+0800 (台北標準時間),,,
【🇫🇷帶法國家人一天在巴黎只吃台灣餐廳！😍🍱🥢】 原來巴黎鹽酥雞比台灣夜市做得好吃⁉姐姐終於被征服了‼️😳,226,youtube,https://www.youtube.com/watch?v=LcSKutCH4kI,闈鴻 WEI HONG ,,,Mon Oct 16 2023 21:05:22 GMT+0800 (台北標準時間),,,
🐂吃到牛淚！🇫🇷法國人環島吃爆19碗超台牛肉麵？！🤩Finding the Best Beef Noodle in Taiwan!,225,youtube,https://www.youtube.com/watch?v=tmb7NmiaQUM,Ku's dream酷的夢-,,,Sat Oct 14 2023 21:00:15 GMT+0800 (台北標準時間),,,
台東20元旗魚麻糬vs 2000元時令料理，你想吃哪個？,224,youtube,https://www.youtube.com/watch?v=oPER2gqXowg,丹牛食,,,Sat Oct 14 2023 18:38:21 GMT+0800 (台北標準時間),,,
在Pizza的故鄉找到了全世界最好吃的披薩！Pizza愛好者在拿波里的失心瘋，必吃披薩清單｜金魚腦 Goldfish Brain feat. Mijily AIR 大氣拖鞋,223,youtube,https://www.youtube.com/watch?v=chzk_aiBRss,金魚腦Goldfish Brain,,,Fri Oct 13 2023 09:23:16 GMT+0800 (台北標準時間),,,
曼谷爽吃特輯，八間在地美食名單推薦 !  鮮嫩多汁鴨肉煲、激推牛雜火鍋、 香辣打拋皮皮蝦、米其林推薦泰式餐酒館  【 肥波外食記 】,222,youtube,https://www.youtube.com/watch?v=zoWZuFRv3gk,肥波開吃啦,,,Wed Oct 11 2023 09:00:37 GMT+0800 (台北標準時間),,,
你來京都做什麼?｜看一眼天皇腳下的京城 讓人不想回家 ｜觀光客最愛錦市場 竟然有這個 ｜番外篇：全員海外生病中！【鬧著玩 405 】,221,youtube,https://www.youtube.com/watch?v=ynBDERFV5tA,鬧著玩娛樂,,,Mon Oct 09 2023 22:52:30 GMT+0800 (台北標準時間),,,
台韓夫婦的釜山生活🇰🇷 廣安里海邊吃到飽🦀️龍頭山公園旁浪漫小酒館| 田浦咖啡街去不完的咖啡廳!! | Korea vlog,220,youtube,https://www.youtube.com/watch?v=8njtPcvtrxg,單單小姐Miss DanDan,,,Mon Oct 09 2023 22:35:04 GMT+0800 (台北標準時間),,,
挖掘隱藏版住宿🔍🇰🇷 韓國人來釜山都去住哪裡?,219,youtube,https://www.youtube.com/watch?v=Q4hUYZm3Qd4,單單小姐Miss DanDan,,,Mon Oct 09 2023 22:28:04 GMT+0800 (台北標準時間),,,
朋友來釜山我會帶他們去哪玩❓在地韓國人的私藏美食之旅🇰🇷🫶🏻| Korea vlog,218,youtube,https://www.youtube.com/watch?v=-iKpz9_NAUY,單單小姐Miss DanDan,,,Mon Oct 09 2023 22:23:33 GMT+0800 (台北標準時間),,,
一直听说的台北101大厦，今天终于见到啦，阳明山上吃烤肉｜｜感谢您一路的支持【Sean的世界TV】频道，欢迎加入我的会员频道，谢谢您一路的陪伴！,217,youtube,https://www.youtube.com/watch?v=UZXJBib9Bk8,Sean的世界 TV,,,Thu Sep 28 2023 18:09:22 GMT+0800 (台北標準時間),,,
【呱吉】敢不敢！？蹺班不開會，跑去喝68%烈酒,216,youtube,https://www.youtube.com/watch?v=K0GSx5wv9_o,呱吉,,,Thu Sep 28 2023 18:07:13 GMT+0800 (台北標準時間),,,
被水餃耽誤的美食縣市苗栗！？ft. peugeot 408 GT |【被xx耽誤的小吃們】,215,youtube,https://www.youtube.com/watch?v=8D_wB5jZCgM,湯瑪士Thomas,,,Thu Sep 28 2023 08:26:16 GMT+0800 (台北標準時間),,,
日本騎旅有新鮮巨大牡蠣+巨甜哈密瓜！單車路線單純且容易｜一輪的運動日常 #日本 #公路車 #騎旅,214,youtube,https://www.youtube.com/watch?v=IwVyNJDtYfM,一輪的運動日常eLun_fitnessTW,,,Wed Sep 27 2023 20:10:39 GMT+0800 (台北標準時間),,,
【寰宇旅遊】呱吉迪拉李毅誠之打呼與肉圓的無仁義戰爭,213,youtube,https://www.youtube.com/watch?v=ksel30ymGcw,呱吉,,,Wed Sep 27 2023 19:52:11 GMT+0800 (台北標準時間),,,
新竹12個私藏質感美食景點！約會必看攻略！在地人激推南洋餐廳！新竹第一間合法民宿？必吃的甜湯店！有賣刈包的咖啡廳？巷弄裡的神祕熱炒店！｜內內,212,youtube,https://www.youtube.com/watch?v=aZFqBwO-O4U,內內 Nene,,,Tue Sep 26 2023 19:33:51 GMT+0800 (台北標準時間),,,
說去就去的花蓮，路途中的南澳小村莊內竟發現超厲害的手做蛋餅？每吃必感動流淚的心地日常-桂花蜜酒釀雪花冰/我就是愛扁食/東大門夜市/份量超巨的慶豐麵店/懷舊日式昭和58咖啡廳/花蓮美食之旅,211,youtube,https://www.youtube.com/watch?v=_9IwQV8RvEM,【吃貨夫妻的日常】,,,Mon Sep 25 2023 20:12:21 GMT+0800 (台北標準時間),,,
在台的英國”名流”不敢相信台灣人民的慷慨與熱情！🇹🇼❤️ BRITISH MAN WON'T LEAVE TAIWAN AFTER 17 YEARS! 😀,210,youtube,https://www.youtube.com/watch?v=99lVWlWjyV0,Wes Davies 衛斯理,,,Mon Sep 25 2023 08:13:23 GMT+0800 (台北標準時間),,,
🇨🇭瑞士超貴物價體驗記⋯我好像沒辦法住這🥲住台灣好幸福哈哈哈 #圓夢計畫｜韓勾ㄟ金針菇 찐쩐꾸,209,youtube,https://www.youtube.com/watch?v=BDBcMXrnARs,韓勾ㄟ金針菇 찐쩐꾸,,,Sun Sep 24 2023 22:29:36 GMT+0800 (台北標準時間),,,
❁【高雄美食】仁武必吃美食10選/在地超人氣光之塔蔥肉餅/仁武烤鴨吃透透/炭香十足無名黑輪大腸香腸車/一個充滿愛的行政區 feat.羅森資訊,208,youtube,https://www.youtube.com/watch?v=7PAbeWX8jFs,澱粉小姐kakaya,,,Sun Sep 24 2023 21:09:15 GMT+0800 (台北標準時間),,,
【寰宇旅遊】迪拉帶呱呱與誠誠去高雄：鮭魚迴游返鄉豪華旅,207,youtube,https://www.youtube.com/watch?v=EsJO8UPAJ0o,呱吉,,,Sun Sep 24 2023 19:27:04 GMT+0800 (台北標準時間),,,
【女子旅】絶景だらけの台南シラヤで未知の体験を楽しむ旅【台湾】,206,youtube,https://www.youtube.com/watch?v=DOIcMOFHcBM,スカートで旅するCHIERU,,,Sun Sep 24 2023 17:43:03 GMT+0800 (台北標準時間),,,
東港人早餐吃的有多爽，居然還有中式早餐專人buffet !? | 東港人早餐吃什麼？,205,youtube,https://www.youtube.com/watch?v=iGHKJdjKAwE,湯瑪士Thomas,,,Sun Sep 24 2023 13:19:20 GMT+0800 (台北標準時間),,,
美國也存在傳統打擊訓練法？！美國大聯盟球員打擊訓練！是對還是錯呢？【豹子腿方昶詠】#棒球 #中華職棒 #美國,204,youtube,https://www.youtube.com/watch?v=9bmpA-KLp4o,豹子腿方昶詠,,,Sun Sep 24 2023 12:52:20 GMT+0800 (台北標準時間),,,
#2022香山車站#台灣最日式車站#台灣最有味道車站#最佳火車站一日遊推薦#最愛火車小站#全木造車站#,203,youtube,https://www.youtube.com/watch?v=BlwYHUEpEEE,Wings's Vlog,,,Sun Sep 24 2023 10:53:22 GMT+0800 (台北標準時間),,,
【新竹旅遊】不要只會去動物園‼ 原來新竹這麼好玩🤣 超好吃提拉米蘇｜鮮啤釀酒廠｜吹玻璃體驗｜新開幕古蹟星巴克☕,202,youtube,https://www.youtube.com/watch?v=UhITv5RFsjc,Ki笑人生,,,Sun Sep 24 2023 10:51:26 GMT+0800 (台北標準時間),,,
新竹是美食沙漠？在地人推薦 太晚來就沒有了？絕對不是麥當勞！｜漢饕天下,201,youtube,https://www.youtube.com/watch?v=rNcoXkkudzo,漢饕天下,,,Sun Sep 24 2023 10:47:09 GMT+0800 (台北標準時間),,,
開新車載爸爸出去玩！5個宜蘭在地老司機私藏景點🤩宜蘭深度旅遊,200,youtube,https://www.youtube.com/watch?v=hXz7gP-qDGs,徐海莉 Hailey,,,Sun Sep 24 2023 09:07:24 GMT+0800 (台北標準時間),,,
新竹美食馬拉松-用嘴巴一日遊，一天吃20家、在地名單推不推 & 新竹公園逛起來,199,youtube,https://www.youtube.com/watch?v=wa-VbBPm4DQ,這裡很無聊,,,Sun Sep 24 2023 09:00:30 GMT+0800 (台北標準時間),,,
騎腳踏車玩宜蘭，結果超後悔⋯後悔現在才發現這樣多好玩！,198,youtube,https://www.youtube.com/watch?v=FGR3Ip-6EsE,我是江老師,,,Sun Sep 24 2023 08:47:12 GMT+0800 (台北標準時間),,,
出外靠朋友！花蓮在地人才吃的餐廳！荒謬的一天｜eno 一諾不是千金,197,youtube,https://www.youtube.com/watch?v=uI9U4JVOtY0,一諾不是千金 eno,,,Sun Sep 24 2023 08:40:21 GMT+0800 (台北標準時間),,,
【寰宇旅遊】李毅誠帶呱吉與迪拉回彰化：回伸港朋友們都會被帶去的地方,196,youtube,https://www.youtube.com/watch?v=VPDO5SSbsDU,呱吉,,,Sun Sep 24 2023 08:32:54 GMT+0800 (台北標準時間),,,
【寰宇旅遊】呱吉陪李毅誠迪拉逛民生社區：一定會做愛心的行程,195,youtube,https://www.youtube.com/watch?v=8uiIPUw4ZNw,呱吉,,,Sun Sep 24 2023 08:24:53 GMT+0800 (台北標準時間),,,
The Ultimate Literary Tour of London: A Biblophile’s Dream One-Day Itinerary\,194,gpstory,,,,"作為一個幾乎總是埋頭於書中的人，倫敦是我最喜歡探索的城市之一。你可以漫步在這些街道上，這些街道激發了眾多著名小說的靈感。倫敦許多歷史悠久的街道幾乎在數百年來都沒有太大的變化。以至於感覺就像是穿越時光，走進了書頁之中。書蟲們還可以窺探一下著名作家的家園。這座城市曾經是許多著名作家的家，包括威廉·莎士比亞、查爾斯·狄更斯、阿瑟·柯南·道爾、弗吉尼亞·伍爾夫和簡·奧斯汀。作為作家最喜歡的城市之一，這個城市擁有令人難以置信的圖書館和書店！這真的是書蟲們的夢想之地。

但是要看和做的事情太多，時間卻有限，制定行程可能會讓人感到不知所措。這就是我為書蟲們創建了這個精彩的一日行程的原因，讓你可以探索倫敦文學的精華。它將帶你穿越整個城市，探索小說靈感來源、美麗書店、文學之家、作家常去之地等各種地點。在這座城市只有一天的時間，你仍然可以欣賞到許多文學景點和體驗。所以，現在就跟著我來探索倫敦這個非凡的書迷指南吧！",Sat Sep 23 2023 13:43:45 GMT+0800 (台北標準時間),,,
【大蛇丸】丸哥走透透徒步帶你深度旅遊自己家鄉潮州!,193,youtube,https://www.youtube.com/watch?v=GtogEMq0Tn4,大蛇丸,,,Wed Sep 13 2023 07:26:53 GMT+0800 (台北標準時間),,,
【蔡比八】吃爆新竹竹東美食｜5家在地人美食推薦｜小朋友不說謊實測｜吃爆系列,192,youtube,https://www.youtube.com/watch?v=Vk9b3N0PtZc,蔡比八的吃喝玩樂,,,Sun Sep 10 2023 16:42:27 GMT+0800 (台北標準時間),,,
新竹推薦｜微冷門系列回歸啦！芎林在地人推薦客家美食！超好吃的現桿湯包？,191,youtube,https://www.youtube.com/watch?v=kIyJVN3NDgc,李懿,,,Sun Sep 10 2023 16:38:15 GMT+0800 (台北標準時間),,,
好多新景點，真的逛不完，超級喜歡大溪老街！(Daxi Old Street),190,youtube,https://www.youtube.com/watch?v=IT5DbMaaxVc,Tony Huang,,,Sun Sep 10 2023 16:35:30 GMT+0800 (台北標準時間),,,
【蔡比八】吃爆桃園大溪老街｜8家排隊美食推薦｜小朋友不說謊實測 ｜吃爆系列,189,youtube,https://www.youtube.com/watch?v=G-GaplE80GI,蔡比八的吃喝玩樂,,,Sun Sep 10 2023 16:32:27 GMT+0800 (台北標準時間),,,
【蔡比八】吃爆新竹關西老街｜7家在地美食推薦｜小朋友不說謊實測 ｜吃爆系列,188,youtube,https://www.youtube.com/watch?v=2YRwr4pYeHw,蔡比八的吃喝玩樂,,,Sun Sep 10 2023 16:24:56 GMT+0800 (台北標準時間),,,
【蔡比八】吃爆新竹關西老街｜7家在地美食推薦｜小朋友不說謊實測 ｜吃爆系列,187,youtube,https://www.youtube.com/watch?v=2YRwr4pYeHw,蔡比八的吃喝玩樂,,,Sun Sep 10 2023 16:21:01 GMT+0800 (台北標準時間),,,
【新竹美食】古早味芋頭米粉湯/柴燒燜雞/超多蝦海鮮飯/百年柴燒柿餅,186,youtube,https://www.youtube.com/watch?v=qYcDp-pbhL4,台灣1001個故事,,,Sun Sep 10 2023 16:19:30 GMT+0800 (台北標準時間),,,
✿沈✿美食沙漠竹北 網友投稿美食 中午就賣完水餃 一人推薦便當店 這間太舒服 竹北最好吃漢堡,185,youtube,https://www.youtube.com/watch?v=IOuVwhbfNhk,陪沈團,,,Sun Sep 10 2023 16:14:31 GMT+0800 (台北標準時間),,,
✿沈✿連鎖韓式 老字號餐廳 意外好吃美食街石鍋拌飯 超厚煎餅 第一次血腸湯 空運來台原味呈現韓國美味,184,youtube,https://www.youtube.com/watch?v=J9Ux8W-4VyY,陪沈團,,,Sun Sep 10 2023 16:09:23 GMT+0800 (台北標準時間),,,
【2023澎湖獨旅】專吃澎湖限定！各種海鮮&仙人掌！一個人的澎湖之旅也要邊玩邊吃！露天酒吧獨攬花火節第一排景觀！,183,youtube,https://www.youtube.com/watch?v=z7XQRQHdEEs,佩特拉去哪裡Petra Play Around,,,Sun Sep 10 2023 16:07:40 GMT+0800 (台北標準時間),,,
✿沈✿新竹早場好小吃 漂亮滷味拼盤 美味紫米粥  超長雞排蛋土司  油條皮蛋蛋餅 好吃餐包 玉米濃湯 蔥肉餅 脆皮燒肉 蛋沙拉,182,youtube,https://www.youtube.com/watch?v=eQxHMMqw0x4,陪沈團,,,Sun Sep 10 2023 16:03:06 GMT+0800 (台北標準時間),,,
茶葉蛋、肉骨茶竟拿米其林三星？餐廳被灌負評！是台灣人吃不懂，還是米其林不懂台灣味？2023米其林解析【Liz 美食家】,181,youtube,https://www.youtube.com/watch?v=RqOVo6SeLa8,Liz 的美食家自學之路 Self-taught Gourmet,,,Sun Sep 10 2023 15:53:36 GMT+0800 (台北標準時間),,,
曼谷最夯吃到飽，Copper Beyond Buffet ! 連吃兩場完整開箱，激爽起司龍蝦尾、超夯和牛船麵、濃郁醬香生醃蝦、大推松露濃湯可頌  【 肥波外食記 】,180,youtube,https://www.youtube.com/watch?v=dPAjMebcOyU,肥波開吃啦,,,Sun Sep 10 2023 15:49:02 GMT+0800 (台北標準時間),,,
岩館系列EP3｜號稱全台最不務正業的攀岩館，有超多模型和日本洗衣球｜攀岩小編,179,youtube,https://www.youtube.com/watch?v=l6HoP6neJIk,攀岩小編,,,Sun Sep 10 2023 13:56:09 GMT+0800 (台北標準時間),,,
《日本百年壽司店禁止台灣YouTuber入店拍攝》Matsuno Sushi,178,youtube,https://www.youtube.com/watch?v=XV6KloA8Z7o,Stopkiddinstudio,,,Sun Sep 03 2023 21:08:19 GMT+0800 (台北標準時間),,,
超越米其林的童年回憶！台南美食馬拉松2.0 一口氣吃20家！,177,youtube,https://www.youtube.com/watch?v=bhlsG7L8Ry4,這裡很無聊,,,Sun Sep 03 2023 16:51:40 GMT+0800 (台北標準時間),,,
台南在地人必吃美食！吃爆超便宜口袋名單！吃完會發胖~阿輝黑輪 牛肉湯 火雞肉飯｜#一隻阿圓,176,youtube,https://www.youtube.com/watch?v=MlEF9wKkQeY,一隻阿圓 I am CIRCLE,,,Sun Sep 03 2023 15:24:41 GMT+0800 (台北標準時間),,,
台南最新美食地圖！在地人私藏名店大公開✅銷魂鴨腿 濃郁大骨 蟹黃湯包 純手工香脆蘿蔔糕 職人精神水煎包 #台南 #美食,175,youtube,https://www.youtube.com/watch?v=NJpC0iDDm-o,徐海莉 Hailey,,,Sun Sep 03 2023 15:18:11 GMT+0800 (台北標準時間),,,
讓老饕爆淚の滷肉飯！隱身民宅裡的鰻魚飯！松江南京捷運老饕美食！,174,youtube,https://www.youtube.com/watch?v=aDZ0vFObU0o,痛風老饕易胖體質,,,Sun Sep 03 2023 11:28:36 GMT+0800 (台北標準時間),,,
✿沈✿台北第一名西西里咖啡 高貴不貴民生社區 肉多餐酒館 第一名鮮肉湯圓 千人推薦咖啡廳 戚風蛋糕 炸雞排  在地人推薦必吃 松山區美食,173,youtube,https://www.youtube.com/watch?v=QFSV2FzBfYI,陪沈團,,,Sat Sep 02 2023 22:30:25 GMT+0800 (台北標準時間),,,
perfect date under 100 pounds in London,172,gpstory,,,,,Sat Sep 02 2023 14:21:39 GMT+0800 (台北標準時間),,,
傻眼體驗 😱入住大到會迷路的世界最大飯店！超過7000間房間結果卻超XX？意外發現周杰倫秘密副業！馬來西亞雲頂高原豪華酒店！,171,youtube,https://www.youtube.com/watch?v=ORunlipfza0,旅遊真台灣 Lena & Patrick,,,Sat Sep 02 2023 12:18:30 GMT+0800 (台北標準時間),,,
200元內飽到吐，新營四寶有夠爽 ｜新營人早餐都吃什麼,170,youtube,https://www.youtube.com/watch?v=GgHM5pfu1x8,湯瑪士Thomas,,,Sun Aug 27 2023 08:04:54 GMT+0800 (台北標準時間),,,
https://youtube.com/shorts/XZvuBeaMKlI?si=Iy3xGld8nn5Y_nFI,169,youtube,https://youtube.com/shorts/XZvuBeaMKlI?si=Iy3xGld8nn5Y_nFI,,,,Sat Aug 26 2023 16:08:18 GMT+0800 (台北標準時間),,,
拋下Joeman自己去玩耍! 阿滴與西雅圖美女學霸的浪漫約會!,168,youtube,https://www.youtube.com/watch?v=VWpGVvGQ3Y0,阿滴英文,,,Tue Jul 11 2023 01:07:54 GMT+0800 (台北標準時間),,,
"真正做到與生態共舞! 亞馬遜雨林飯店""超親近自然""與野生動物共眠 追求永續發展一晚要價四萬""隨時可能跳電"" 旅客仍絡繹不絕一房難求│李文儀 主持│【消失的國界 PART1】20230709│三立新聞台",167,youtube,https://www.youtube.com/watch?v=PmQqAlVpTVQ,從台灣看見世界的故事,,,Mon Jul 10 2023 06:46:19 GMT+0800 (台北標準時間),,,
日本鄉下食物驚人的美味 #滑雪場 #日本 ｜百靈果NEWS | 蛇編的最後一集、世界氣球大戰、東京滑雪好好玩,166,youtube,https://www.youtube.com/watch?v=uG5FnCUZ3iI,百靈果News,,,Sat Jul 01 2023 16:19:18 GMT+0800 (台北標準時間),,,
真・員工旅遊！HowFun團隊出國滑雪囉～,165,youtube,https://www.youtube.com/watch?v=OAqIYcfbAVI,HowFun,,,Sat Jul 01 2023 16:14:25 GMT+0800 (台北標準時間),,,
台灣住宿很貴？現在還值得國旅嗎？看完這支影片你就知道了！恆春住宿開箱，山海日出夜景全包！｜林宣 Xuan Lin,164,youtube,https://www.youtube.com/watch?v=1-kCiUjhgLg,林宣Xuan Lin,,,Thu Jun 29 2023 06:38:34 GMT+0800 (台北標準時間),,,
🧀超過115種起司、龍蝦吃到飽🦞？！開箱全世界最豪華的Buffet🤩！I took my employees to the BEST BUFFET in the WORLD,163,youtube,https://www.youtube.com/watch?v=1eO8dStvPlY,Ku's dream酷的夢-,,,Fri Jun 23 2023 13:03:10 GMT+0800 (台北標準時間),,,
快閃名古屋！12小時吃、吃、吃不停！超級好吃的鰻魚飯，去名古屋必吃！,162,youtube,https://www.youtube.com/watch?v=sb2sIrxF4jE,這裡很無聊,,,Thu Jun 22 2023 19:30:34 GMT+0800 (台北標準時間),,,
✿沈✿屏東美食十家  比臉大海陸飯湯  好喝牛雜湯 神秘炒飯 好吃滷菜 三種起司脆皮蛋餅 牽絲起司 蛋沙拉吐司  精緻鍋燒意麵 神秘肉燥粿 財沈到 Sony ZV-E1,161,youtube,https://www.youtube.com/watch?v=iVyJA4iT6Zk,陪沈團,,,Wed Jun 21 2023 12:03:17 GMT+0800 (台北標準時間),,,
Taiwan is coffee paradise  | Ep 6 | Rosie Gabrielle,160,youtube,https://www.youtube.com/watch?v=bm-3fTBqRxM,Rosie Gabrielle,,,Wed Jun 21 2023 11:57:50 GMT+0800 (台北標準時間),,,
✿沈✿美食沙漠竹北 網友投稿美食 中午就賣完水餃 一人推薦便當店 這間太舒服 竹北最好吃漢堡,159,youtube,https://www.youtube.com/watch?v=IOuVwhbfNhk,陪沈團,,,Mon Jun 19 2023 08:11:02 GMT+0800 (台北標準時間),,,
[財富自由系列] 加州山谷遍地黃金隨你挖？！只要工具對了人人都可以淘金！,158,youtube,https://www.youtube.com/watch?v=FW3AzyYh3TM,The DoDo Men - 嘟嘟人,,,Wed Jun 14 2023 22:32:04 GMT+0800 (台北標準時間),,,
[財富自由系列] 加州山谷遍地黃金隨你挖？！只要工具對了人人都可以淘金！,157,youtube,https://www.youtube.com/watch?v=FW3AzyYh3TM,The DoDo Men - 嘟嘟人,,,Wed Jun 14 2023 22:30:25 GMT+0800 (台北標準時間),,,
呼叫揚智!! 我吃到像奶油一樣的頂級海膽了!【阿滴日常】,156,youtube,https://www.youtube.com/watch?v=uE85K1Gykg8,阿滴日常,,,Tue Jun 13 2023 18:58:10 GMT+0800 (台北標準時間),,,
根本是美食寶庫！台南崇義黃昏市場全攻略｜全員通過第一名脆皮烤乳豬｜香氣直逼腦門的麻油豬血糕 好吃到直接外帶三盒回台北 【鬧著玩 372】,155,youtube,https://www.youtube.com/watch?v=8bStSXfjATI,鬧著玩娛樂,,,Mon Jun 12 2023 20:18:55 GMT+0800 (台北標準時間),,,
✿沈✿在地圖上找11家板橋想吃的店 長輩愛吃蔥燒餅 一早發財 超好吃早餐店  無人評論巷口小吃 一試成主顧花生湯,154,youtube,https://www.youtube.com/watch?v=0FgWYkZh6GQ,陪沈團,,,Mon Jun 12 2023 07:28:50 GMT+0800 (台北標準時間),,,
拍攝殺青的第一天：巧達濃湯名店、派克市集、超chill豪華郵輪【阿滴日常】,153,youtube,https://www.youtube.com/watch?v=RaJiVw3Vj1s,阿滴日常,,,Sun Jun 11 2023 12:37:35 GMT+0800 (台北標準時間),,,
鹿兒島必去景點🔥日本國寶霧島神宮、鹿兒島和牛黑牛、仙巖園、全新鹿兒島屋台村、觀光列車橙食堂｜南九州鹿兒島一日遊攻略・日本旅遊4K VLOG,152,youtube,https://www.youtube.com/watch?v=VXBllYJdUF0,吉田社長 Japan TV,,,Sat Jun 10 2023 18:25:13 GMT+0800 (台北標準時間),,,
2023最新！21個九州自由行必去景點🇯🇵熊本屋台村、大分日田鰻魚飯、佐世保九十九島海灣、北九州門司港、福岡志賀島、豪斯登堡點燈秀｜九州自由行攻略・日本旅遊4K VLOG,151,youtube,https://www.youtube.com/watch?v=S1wl1zhnVbE,吉田社長 Japan TV,,,Sat Jun 10 2023 18:11:15 GMT+0800 (台北標準時間),,,
大陸媽媽說：你們怎麼能一直給我在台灣的新體驗！這該叫我玩到不想走囉！【我們倆Ricky&Nina】,150,youtube,https://www.youtube.com/watch?v=p1Y6ZFeoqN0,我們倆Ricky&Nina,,,Fri Jun 09 2023 20:11:01 GMT+0800 (台北標準時間),,,
✿沈✿基隆網友投稿美食 這家不能不吃 麻煩一次買10個,149,youtube,https://www.youtube.com/watch?v=U60zR2p_Skk,陪沈團,,,Fri Jun 09 2023 11:30:37 GMT+0800 (台北標準時間),,,
https://www.wowlavie.com/article/ae2200145,148,webpage,https://www.wowlavie.com/article/ae2200145,,,,Fri Jun 09 2023 10:50:01 GMT+0800 (台北標準時間),,,
美國版對決！22000元的奢華牛排對決3800元的平價牛排！《Joe是要對決S2》Ep162 ft.阿滴 【Joeman】@rayduenglish,147,youtube,https://www.youtube.com/watch?v=ImafWBn0qeQ,Joeman,,,Fri Jun 09 2023 07:44:08 GMT+0800 (台北標準時間),,,
在美國挑戰吃高級日式壽司的我們，是否太過天真? (一餐就花了台幣2萬5)【阿滴日常】,146,youtube,https://www.youtube.com/watch?v=J0ahCewXewc,阿滴日常,,,Wed Jun 07 2023 13:11:13 GMT+0800 (Taipei Standard Time),,,
西雅圖的「旗艦店」星巴克可以多好喝? 義大利麵包、橄欖油拿鐵花了快1000台幣!【阿滴日常】,145,youtube,https://www.youtube.com/watch?v=Rhm-0Ppfhdk,阿滴日常,,,Tue Jun 06 2023 13:00:42 GMT+0800 (Taipei Standard Time),,,
千萬不要錯過這些「韓國市場小吃」🇰🇷🔥我見到金宇彬了！！韓國出差VLOG｜韓勾ㄟ金針菇 찐쩐꾸,144,youtube,https://www.youtube.com/watch?v=df-SMK1h9RU,韓勾ㄟ金針菇 찐쩐꾸,,,Mon Jun 05 2023 18:26:19 GMT+0800 (台北標準時間),,,
在西雅圖的第一頓早餐就吃牛排!! (六個人小費就要1500塊),143,youtube,https://www.youtube.com/watch?v=QICzs1mQgHE,阿滴日常,,,Mon Jun 05 2023 18:18:38 GMT+0800 (台北標準時間),,,
台北美食大同篇，24小時爽吃特輯四選 !  大同區一日美食地圖推薦，道地泰式街邊小吃、名古屋披薩名店、極度下飯綿密豬腳、巷內70年密醬乾拌麵  【 肥波外食記 】,142,youtube,https://www.youtube.com/watch?v=oV3rUl89LaY,肥波開吃啦,,,Mon Jun 05 2023 18:07:48 GMT+0800 (台北標準時間),,,
【世界文具店巡禮】在紐約也可以逛到台灣文具店？！日本文具好齊全  總統也有來買過？,141,youtube,https://www.youtube.com/watch?v=tEacSNjknNU,不想工作。只想手作—Craft Only,,,Thu Jun 01 2023 19:37:32 GMT+0800 (台北標準時間),,,
【司房菜：永和篇】永和司機激推美食！68巷口麵攤,140,youtube,https://www.youtube.com/watch?v=mna0c0Y_Wa0,現在是怎樣,,,Thu Jun 01 2023 18:34:59 GMT+0800 (台北標準時間),,,
隨機攔車！搭便車環島台灣一圈要多久？！到底攔了幾台車才能夠到終點？｜金魚腦 Goldfish Brain feat. 德國Emma,139,youtube,https://www.youtube.com/watch?v=OgY02Oj4Ha8,金魚腦Goldfish Brain,,,Thu Jun 01 2023 08:50:31 GMT+0800 (台北標準時間),,,
https://www.redbull.com/int-en/world-s-longest-steps,138,webpage,https://www.redbull.com/int-en/world-s-longest-steps,,,,Wed May 31 2023 10:52:30 GMT+0800 (台北標準時間),,,
彰化推薦 | 北斗在地人帶路！只要6元的甜甜圈！6元酸菜包！鵝肉店賣小籠包？！超強港式叉燒！,137,youtube,https://www.youtube.com/watch?v=Uw6fP2QhdZ0,李懿,,,Mon May 29 2023 07:25:14 GMT+0800 (台北標準時間),,,
https://news.booking.com/zh-tw/sustainable-stays/,136,webpage,https://news.booking.com/zh-tw/sustainable-stays/,,,,Sat May 27 2023 09:04:38 GMT+0800 (台北標準時間),,,
隱藏在鄉間小路的活魚料理餐廳！假日沒訂位絕對吃不到！桃園在地人都指定吃這家！,135,youtube,https://www.youtube.com/watch?v=Ve7VJQs7Vws,我是馬鈴薯小姐雁靈,,,Fri May 26 2023 17:04:48 GMT+0800 (台北標準時間),,,
"INSANE Foot Race on BMX Track, Winner gets ANY Pair of Shoes",134,youtube,https://www.youtube.com/watch?v=aqop76V-_VE,Nick Symmonds,,,Sun May 21 2023 10:02:12 GMT+0800 (台北標準時間),,,
線上與你相遇~,133,youtube,https://www.youtube.com/watch?v=oKPAVBQ_8ac,月曜1起玩,,,Sat May 20 2023 08:37:32 GMT+0800 (台北標準時間),,,
來了 8 次蘭嶼 我最愛的景點、餐廳大公開！四月做了好多事 SUP 超酷課程、國小教剪輯、單車環島、婚禮主持人！【莫娜 4 月 Vlog】,132,youtube,https://www.youtube.com/watch?v=Fo-RTt3Ufvg,莫娜 Moana in the wood,,,Mon May 08 2023 14:33:58 GMT+0800 (台北標準時間),,,
"Last To Leave Escalator Wins $10,000",131,youtube,https://www.youtube.com/watch?v=0kRsz93OGoE,Nick Symmonds,,,Mon May 08 2023 10:03:43 GMT+0800 (台北標準時間),,,
從來沒踏上台灣土地的日本女孩為什麼會這麼想幫助台灣！？【尋找台灣人ep7】,130,youtube,https://www.youtube.com/watch?v=fLqFNpRdMZ8,鈴木的日常 ,,,Sun May 07 2023 21:40:57 GMT+0800 (Taipei Standard Time),,,
https://nash.tw/nanjing-road-old-shop/,129,webpage,https://nash.tw/nanjing-road-old-shop/,,,,Sat May 06 2023 10:58:40 GMT+0800 (台北標準時間),,,
2023 屏東恆春新景點 • 在地人推薦必吃美食 • 環島必經路線｜Melofunplay美樂玩不累,128,youtube,https://www.youtube.com/watch?v=u7AuQgzh3jw,MeloFunPlay 美樂玩不累,,,Thu May 04 2023 13:02:02 GMT+0800 (Taipei Standard Time),,,
馬克斯傅赫尼樸素藝術館,127,gpstory,,,,,Thu Apr 27 2023 14:19:49 GMT+0800 (Taipei Standard Time),,,
Renovating A $100K Abandoned High School Into Apartments | Unlocked,126,youtube,https://www.youtube.com/watch?v=q7qyZGnnlRE,CNBC Make It,,,Wed Apr 26 2023 07:13:09 GMT+0800 (台北標準時間),,,
能看到張育成跟吉田正尚出賽嗎？突然收到鄭宗哲的訊息？紅襪春訓基地開箱(下集)【嗨嗨Josh】,125,youtube,https://www.youtube.com/watch?v=5nKgSw_a3lw,台南Josh,,,Tue Apr 25 2023 23:59:20 GMT+0800 (台北標準時間),,,
JetBlue Park,124,,,,,,,,,
【泰國曼谷ep.2】必吃MVP出現！大推的泰式泡麵店！火車市集、水上市場、必比登小摘星！,123,youtube,https://www.youtube.com/watch?v=okcHRN9jMXc,欸你這週要幹嘛,,,Tue Apr 25 2023 12:57:29 GMT+0800 (Taipei Standard Time),,,
找到張育成打全壘打的關鍵！josh的帽子...找來國師大鬧含羞草日記！一人一千元究竟誰能讓草爺虧最多？【豹子腿方昶詠】#娃娃機 #含羞草日記 #張育成@tainanjosh @MIMOSAGO,122,youtube,https://www.youtube.com/watch?v=CtPNiuhg4dQ,豹子腿方昶詠,,,Sun Apr 23 2023 12:48:51 GMT+0800 (台北標準時間),,,
超偏遠深山中的遺世小鎮！歷經地震、火災的天空之城！令人不想離開的慢活祕境,121,youtube,https://www.youtube.com/watch?v=rKfM_5roGFU,旅遊真台灣 Travel North Taiwan,,,Sat Apr 22 2023 12:31:10 GMT+0800 (台北標準時間),,,
赴雙橡園拜會蕭美琴！一坐下休息記者秒包圍　柯文哲笑喊：迫不及待 @ChinaTimes,120,youtube,https://www.youtube.com/watch?v=1wfKQquNw8Y,中時新聞網,,,Sat Apr 22 2023 12:23:39 GMT+0800 (台北標準時間),,,
Overnight in the World's Oldest Hotel,119,youtube,https://www.youtube.com/watch?v=I0jEuZxo87M,Ryan Trahan,,,Fri Apr 21 2023 07:11:25 GMT+0800 (台北標準時間),,,
https://www.instagram.com/reel/CrQOnNEJWTX/?igshid=YmMyMTA2M2Y=,118,,,,,,,,,
Team building 繼續鬧 竟鬧到要開股東大會檢討 | 在迪士尼迎來最幸福的晚上 | 香港的私房景點太值啦！【鬧著玩 355】,117,youtube,https://www.youtube.com/watch?v=bxMuTHsosws,鬧著玩娛樂,,,Fri Apr 14 2023 13:01:22 GMT+0800 (Taipei Standard Time),,,
本社首次海外 Team Building｜押下所有營收 賽馬求翻身 結果讓全體高潮了｜懷念香港好好味從早吃到晚｜菠蘿油凍奶茶魚腩粥花膠雞海鮮火鍋【鬧著玩 354】,116,youtube,https://www.youtube.com/watch?v=3I7WsNyA1YM,鬧著玩娛樂,,,Tue Apr 11 2023 12:00:54 GMT+0800 (台北標準時間),,,
台南人都知道的不隱藏餐廳@拍不好系列帶你們開箱米其林餐廳！一定要看,115,youtube,https://www.youtube.com/watch?v=RSoLILD1a54,柚子娛樂TV YosplayTV,,,Fri Apr 07 2023 23:44:01 GMT+0800 (台北標準時間),,,
橋上看書bRidge+,114,gpstory,,,,,Fri Apr 07 2023 23:38:40 GMT+0800 (台北標準時間),,,
彷彿置身京都🇯🇵 台南漁光島隱藏版日式民宿、昭和風咖啡廳、老饕推薦必吃神級牛肉湯👍 ll Kevin’s Vlog ll,113,youtube,https://www.youtube.com/watch?v=I1rLjJ4m5oY,Kevin老師的時尚美妝頻道,,,Fri Apr 07 2023 23:37:55 GMT+0800 (台北標準時間),,,
台南必吃20餐名單｜米糕香腸熟肉麻油豬心牛肉湯鮮魚湯汕頭火鍋｜你有喝過阿婆水嗎？【鬧著玩#105】,112,youtube,https://www.youtube.com/watch?v=Lndijy7UJyI,鬧著玩娛樂,,,Fri Apr 07 2023 23:21:24 GMT+0800 (台北標準時間),,,
一個號稱不開Uber 就要當美食頻道Youtuber的美食雷達｜五顆星好評 美食推薦 ｜全部都想再吃第二輪【鬧著玩267】,111,youtube,https://www.youtube.com/watch?v=FvPZkVbl3r4,鬧著玩娛樂,,,Fri Apr 07 2023 23:03:01 GMT+0800 (台北標準時間),,,
台南美食雷達王一出手決不踩雷｜你不會知道原來台南還可以吃這個？｜必比登推薦溫體牛肉鍋果然一吃就高潮 【鬧著玩296】,110,youtube,https://www.youtube.com/watch?v=MEU32nkHuqo,鬧著玩娛樂,,,Fri Apr 07 2023 22:57:13 GMT+0800 (台北標準時間),,,
溫泉湯屋有床！？新竹超幽靜私藏半露天溫泉！【蘋蘋澎澎】,109,youtube,https://www.youtube.com/watch?v=mjMqT7QX9pM,蘋蘋澎澎PINPINPONPON,,,Wed Apr 05 2023 16:02:27 GMT+0800 (台北標準時間),,,
拉麵控必看⋯ 素食者在東京尋找素食拉麵🍜  美味到瘋掉  一天狂吃10碗還沒膩💦 ｜找蔬食Traveggo,108,youtube,https://www.youtube.com/watch?v=_LM9CpdjANo,找蔬食Traveggo,,,Tue Apr 04 2023 11:34:14 GMT+0800 (台北標準時間),,,
"必看! 大阪人帶路の2023最新兩天一夜大阪自由行! 吃爆當地拉麵, 壽司, 住宿購物推薦都在這~",107,youtube,https://www.youtube.com/watch?v=E285kT0xuvQ,TommyTommy Japan,,,Sat Apr 01 2023 20:22:43 GMT+0800 (台北標準時間),,,
【莫名騎妙】彰化全區控肉飯吃一圈！美國人不敢吃肉鬆，只因為太像OO的毛？你能想像嗎？｜一輪的運動日常 #莫名騎妙 #彰化 #美食 feat. @LoganBeck,106,youtube,https://www.youtube.com/watch?v=WC9VmKdlXYw,一輪的運動日常eLun_fitnessTW,,,Sat Apr 01 2023 15:40:04 GMT+0800 (台北標準時間),,,
喬裝潛入塞內加爾被抓包！？ 探訪非洲奴隸買賣中心「戈雷島」！,105,youtube,https://www.youtube.com/watch?v=ARnF-orJt7A,哇係黑龍,,,Sat Apr 01 2023 15:15:00 GMT+0800 (台北標準時間),,,
台北500元“究極”肉燥飯 vs 30元平價滷肉飯，憑什麼貴17倍？,104,youtube,https://www.youtube.com/watch?v=2AZ_Xm4NxII,丹牛食 DS Travel,,,Sat Apr 01 2023 13:03:52 GMT+0800 (台北標準時間),,,
恭喜熬出頭😭🔥慶祝日本老公職涯最大的升職！認真努力不會背叛你！辛苦了❤️,103,youtube,https://www.youtube.com/watch?v=d8bWn01bJ1Q,強運少女RU,,,Sat Apr 01 2023 12:45:55 GMT+0800 (台北標準時間),,,
非洲第一大瀑布！我们来啦，遍地彩虹暴雨频发，保镖看到都失控了,102,youtube,https://www.youtube.com/watch?v=ZLwwnpPvAHQ,非洲小五,,,Fri Mar 31 2023 10:28:04 GMT+0800 (台北標準時間),,,
Inside A Sustainable Power Plant With A Ski Slope On Its Roof | Unique Spaces | Architectural Digest,101,youtube,https://www.youtube.com/watch?v=gRr6_bORSMs,Architectural Digest,,,Thu Mar 30 2023 08:44:31 GMT+0800 (台北標準時間),,,
初體驗！台灣野營好好玩！第一次野外比基尼泡溫泉！ feat @RoundcandyTV,100,youtube,https://www.youtube.com/watch?v=EqQnbONLE58,波蘭Anna,,,Thu Mar 30 2023 07:40:43 GMT+0800 (台北標準時間),,,
三角市場超巨大帝王蟹現買現煮！在地人教你這季節來最划算？！,99,youtube,https://www.youtube.com/watch?v=oQMDWxRldfk,北海道女婿,,,Wed Mar 29 2023 12:28:32 GMT+0800 (Taipei Standard Time),,,
台南美食北區篇，24小時爽吃特輯四選 !  北區一日美食地圖推薦，50年老字號汕頭意麵、激推溫體鵝腿切盤、下飯神器炒牛肝、超有fu單人燒肉專門店  【 肥波外食記 】,98,youtube,https://www.youtube.com/watch?v=Nquqt1M_Ei0,肥波開吃啦,,,Wed Mar 29 2023 12:26:19 GMT+0800 (Taipei Standard Time),,,
9 must-see places in Germany,97,gpstory,,,,,Tue Mar 28 2023 21:27:20 GMT+0800 (台北標準時間),,,
日本山上小木屋的奢華露營，茨城兩天一夜小旅行｜ feat. @RyuuuTV @yuuumatv  金魚腦Goldfish Brain 大洗海岸、那珂湊魚市場、Etowa Kasama露營,96,youtube,https://www.youtube.com/watch?v=LYG97pHOebQ,金魚腦Goldfish Brain,,,Tue Mar 28 2023 13:08:54 GMT+0800 (台北標準時間),,,
『🇩🇪德國最浪漫的城市海德堡』這間店誇張到我們要求退錢！😡,95,youtube,https://www.youtube.com/watch?v=zUVba1YUDIE,AKY 采熙 & JIN 鄭靚歆,,,Mon Mar 27 2023 08:10:15 GMT+0800 (台北標準時間),,,
『🇳🇱阿姆斯特丹Day 1』大麻蛋糕初體驗！吃了全身好舒服..?🔞,94,youtube,https://www.youtube.com/watch?v=7RuMGg7GSes,AKY 采熙 & JIN 鄭靚歆,,,Mon Mar 27 2023 08:01:46 GMT+0800 (台北標準時間),,,
旅遊飛鏢射世界地圖，射到哪就去哪！地點跟天氣預報令人崩潰 TRAVELING TO WHEREVER THE DART LANDS ON THE WORLD MAP,93,youtube,https://www.youtube.com/watch?v=X7iw5oGLnjg,The DoDo Men - 嘟嘟人,,,Sun Mar 26 2023 20:30:11 GMT+0800 (台北標準時間),,,
"Living in Taipei | getting fit & muscular 🍑, building my content career, first photoshoot",92,youtube,https://www.youtube.com/watch?v=i8FnNvnQMus,Lillian Chiu,,,Sun Mar 26 2023 15:45:26 GMT+0800 (台北標準時間),,,
城市找素｜台南必吃10間素食🔥 排隊2H超隱密神級素拉麵🍜、素食版大腸包小腸😳,91,youtube,https://www.youtube.com/watch?v=RbEKA9tcJTQ,找蔬食Traveggo,,,Sun Mar 26 2023 13:59:27 GMT+0800 (台北標準時間),,,
三家台北必吃，美味咖哩飯推薦 ! 佐藤咖哩 Sato Curry、銀兔湯咖哩、池先生Kopitiam  【 肥波外食記 】,90,youtube,https://www.youtube.com/watch?v=eA0Ng5xwes8,肥波開吃啦,,,Sun Mar 26 2023 11:18:42 GMT+0800 (台北標準時間),,,
基隆仁愛市場，爽吃海鮮之旅四選 !  市場裡的日料全餐，超長炙燒比目魚鰭邊、浮誇系蚵仔透抽蓋飯、高CP值炙燒壽司盤、綿密化口甘露煮香魚  【 肥波外食記 】,89,youtube,https://www.youtube.com/watch?v=rFs009_BNqk,肥波開吃啦,,,Sun Mar 26 2023 11:15:10 GMT+0800 (台北標準時間),,,
在全美最少遊客的地方待三天！熱情當地人狂推超美秘境！這根本是美國必去吧！？｜The DoDo Men 嘟嘟人,88,youtube,https://www.youtube.com/watch?v=e_UPAEmeatI,The DoDo Men - 嘟嘟人,,,Sun Mar 26 2023 09:23:37 GMT+0800 (台北標準時間),,,
這個小農村靠鰻魚賺進上百億🔥9成外銷日本的頂級品值，台灣超難吃到！上萬隻鰻魚餵食秀！,87,youtube,https://www.youtube.com/watch?v=sdIIrJf4JN0,旅遊真台灣 Travel North Taiwan,,,Sat Mar 25 2023 11:58:15 GMT+0800 (台北標準時間),,,
拉斯維加斯找陌生人做挑戰 ！美國街頭玩遊戲 ｜ 世界最狂的不夜城 ｜老外直接飆髒話！｜Las Vegas,86,youtube,https://www.youtube.com/watch?v=B90Dj_eGjpY,The DoDo Men - 嘟嘟人,,,Sat Mar 25 2023 09:54:55 GMT+0800 (台北標準時間),,,
真日本人美食地圖🇯🇵比台灣好吃的火鍋🍲？！藝人私藏愛店大公開！#OOTD｜阿部瑪利亞 Maria Abe,85,youtube,https://www.youtube.com/watch?v=EZE2ol2htI8,阿部瑪利亞 Maria Abe,,,Sat Mar 25 2023 08:24:19 GMT+0800 (台北標準時間),,,
超緊張！日本老公帶我妹妹玩東京✨妹妹第一次東京自由行！也是第一次一起出去玩阿阿阿😂,84,youtube,https://www.youtube.com/watch?v=ei2F8HhXPp0,強運少女RU,,,Sat Mar 25 2023 08:17:45 GMT+0800 (台北標準時間),,,
"【#新竹】萬中選一的好店！不能錯過濃郁回甘的豆花！全新奢華樓中樓套房飯店 | 林莎.大文.李易 SuperTaste in Hsinchu,Taiwan | 食尚玩家瘋狂總部 完整版 20230323",83,youtube,https://www.youtube.com/watch?v=AtUMCsSQQbE,食尚玩家,,,Fri Mar 24 2023 12:59:53 GMT+0800 (Taipei Standard Time),,,
陽光沙灘天婦羅🚗 沖繩南部說走就走｜開箱一晚10萬海景飯店 買爆職人手作世界唯一的手染布｜意外發現沖繩食堂竟然賣台灣滷肉飯？【鬧著玩350 】,82,youtube,https://www.youtube.com/watch?v=f7yCX4l4j0k,鬧著玩娛樂,,,Fri Mar 24 2023 12:55:40 GMT+0800 (Taipei Standard Time),,,
私心最愛的陝西小吃肉夾饃！排半小時也要吃到的赤肉羹！米其林必比登推薦小籠包！五家必吃台北東門捷運站美食,81,youtube,https://www.youtube.com/watch?v=pH8R_yulhNA,我是馬鈴薯小姐雁靈,,,Thu Mar 23 2023 19:04:34 GMT+0800 (台北標準時間),,,
Mountain Coaster | Heavenly | Lake Tahoe,80,youtube,https://www.youtube.com/watch?v=rlRUXND3d-o,HeavenlyMtnResort,,,Thu Mar 23 2023 12:13:49 GMT+0800 (Taipei Standard Time),,,
《美食環島x新竹》尋找竹北的美食綠洲？6間IG網友募集美食🤩隱藏地表最強湯包？台北人最愛的牛肉麵豬腳😍？完美比例魯肉飯！在地詭異宵夜❤️？｜新竹竹北,79,youtube,https://www.youtube.com/watch?v=Gi2TXsDuH2U,Zoebitalk肉比頭,,,Wed Mar 22 2023 14:20:24 GMT+0800 (台北標準時間),,,
ken 的推荐,78,gpstory,,,,,Wed Mar 22 2023 12:12:03 GMT+0800 (台北標準時間),,,
【新竹美食8選】從紐約回來就是要吃些｜荷包鴨蛋魯肉飯｜蒜蓉香肉圓｜極脆臭豆腐,77,youtube,https://www.youtube.com/watch?v=YiIYLxh49so,Boiz Dorm男生宿舍,,,Tue Mar 21 2023 07:16:27 GMT+0800 (台北標準時間),,,
花蓮美食地圖，48小時爽吃特輯十選 ! 花蓮兩天一夜美食推薦，筋道外皮小肉包、雞湯風味小卷米粉、正宗美式煙燻烤肉、撒滿蒜片沾醬雞排、鮮蚵滷肉飯配炸鴨蛋【 肥波外食記 】,76,youtube,https://www.youtube.com/watch?v=G7wGo82FWiY,肥波開吃啦,,,Mon Mar 20 2023 20:52:00 GMT+0800 (台北標準時間),,,
Skiing the famous Tunnel Piste | Alpe d’Huez! | #Insta360,75,youtube,https://www.youtube.com/watch?v=BI3dIfuvcEg,Ride-Along Sessions with Cookie!,,,Mon Mar 20 2023 12:57:26 GMT+0800 (Taipei Standard Time),,,
Längster Ski Tunnel der Welt - Silvretta Montafon,74,youtube,https://www.youtube.com/watch?v=pKdfsiIHyts,Reise - Travel,,,Mon Mar 20 2023 12:53:48 GMT+0800 (Taipei Standard Time),,,
1人1萬超雷? 日本人真心話判斷觀光客必吃の北海道帝王蟹吃到飽真的好吃? 這點很意外...,73,youtube,https://www.youtube.com/watch?v=unT6rEry-3w,TommyTommy Japan,,,Mon Mar 20 2023 08:01:22 GMT+0800 (台北標準時間),,,
台南小吃與其他縣市的區別從一碗鱔魚意麵開始｜還有鮮嫩的溫體牛肉湯和現炸的臭豆腐｜安西夜市｜台灣小吃｜蕭壠文化園區｜八家將｜陣頭｜查理不朗妮,72,youtube,https://www.youtube.com/watch?v=1ePIE1Vq4UY,查理不朗妮,,,Sun Mar 12 2023 22:45:00 GMT+0800 (台北標準時間),,,
北加州親民小木屋合輯,71,facebook,"<iframe src=""https://www.facebook.com/plugins/post.php?href=https%3A%2F%2Fwww.facebook.com%2FSJBonjour%2Fposts%2Fpfbid02BpJp9Er1QiwRhzSuVgs7QVDfk4F4VM1dwham4i4BYLVuvN7K8ShWdGoxPBYt239ul&show_text=true&width=500"" width=""500"" height=""844"" style=""border:none;overflow:hidden"" scrolling=""no"" frameborder=""0"" allowfullscreen=""true"" allow=""autoplay; clipboard-write; encrypted-media; picture-in-picture; web-share""></iframe>",,,,Sun Mar 12 2023 17:37:47 GMT+0800 (台北標準時間),,,
user defined title,70,facebook,"<iframe src=""https://www.facebook.com/plugins/post.php?href=https%3A%2F%2Fwww.facebook.com%2FSJBonjour%2Fposts%2Fpfbid02BpJp9Er1QiwRhzSuVgs7QVDfk4F4VM1dwham4i4BYLVuvN7K8ShWdGoxPBYt239ul&show_text=true&width=500"" width=""500"" height=""844"" style=""border:none;overflow:hidden"" scrolling=""no"" frameborder=""0"" allowfullscreen=""true"" allow=""autoplay; clipboard-write; encrypted-media; picture-in-picture; web-share""></iframe>",,,,Sun Mar 12 2023 17:32:51 GMT+0800 (台北標準時間),,,
灣區10大推荐餐廳,69,facebook,"<iframe src=""https://www.facebook.com/plugins/post.php?href=https%3A%2F%2Fwww.facebook.com%2FSJBonjour%2Fposts%2Fpfbid0DU5xLCeX25hALJaSDS7YGiWRE8gSCpp6sjNT3cSW8sxmk9Ytdu5pSpAwm5hDNVsQl&show_text=true&width=500"" width=""500"" height=""720"" style=""border:none;overflow:hidden"" scrolling=""no"" frameborder=""0"" allowfullscreen=""true"" allow=""autoplay; clipboard-write; encrypted-media; picture-in-picture; web-share""></iframe>",,,,Sun Mar 12 2023 17:25:32 GMT+0800 (台北標準時間),,,
世界第一的炒飯！傳統灶台太神了！曼谷自由行最終章，臥佛寺、建興酒店；加上肌腱發炎！？,68,youtube,https://www.youtube.com/watch?v=XuNXQ52ujR4,這裡很無聊,,,Sun Mar 12 2023 16:48:10 GMT+0800 (台北標準時間),,,
來去曼谷逛夜市、吃美食、住豪華公寓、帶皮蛋醬去征服曼谷！,67,youtube,https://www.youtube.com/watch?v=2KuvimwbGoU,這裡很無聊,,,Sun Mar 12 2023 16:40:51 GMT+0800 (台北標準時間),,,
新竹超好吃!!✨| 從路邊攤吃到30年老店🥢| 住韓新竹人回家吃什麼📍,66,youtube,https://www.youtube.com/watch?v=4W56cHBMDTM,單單小姐Miss DanDan,,,Sun Mar 12 2023 16:23:01 GMT+0800 (台北標準時間),,,
【千千進食中】高雄鹽埕區！超高評價美食攻略，水水幫你吃起來！,65,youtube,https://www.youtube.com/watch?v=h5Z2U19R2Hs,千千進食中,,,Sat Mar 11 2023 15:50:01 GMT+0800 (台北標準時間),,,
教堂吃法餐 蝦餃魚排小羔羊 隱身里昂聖母院旁的高級美味 | Bulle Restaurant,64,youtube,https://www.youtube.com/watch?v=T9ZLtIgXCCk,Chef Chouchou阿辰師,,,Sat Mar 11 2023 15:32:22 GMT+0800 (台北標準時間),,,
https://youtu.be/asoG2IIFClo,63,youtube,,,,,Sat Mar 11 2023 09:52:35 GMT+0800 (台北標準時間),,,
微獨旅高雄兩天一夜🏃🏻‍♀️、日式古蹟新景點⛩、乾淨又舒服的老宅民宿🏠、逛逛台灣文博會,62,youtube,https://www.youtube.com/watch?v=ep8cIgribKs,dd邊走邊吃,,,Sat Mar 11 2023 08:57:02 GMT+0800 (台北標準時間),,,
一個人去高雄！逛超浪漫的燈會~兩天一夜 新咖哩、老江紅茶牛奶、愛河灣、衛武營、駁二特區｜金魚腦 Goldfish Brain,61,youtube,https://www.youtube.com/watch?v=wHeXCOOCD18,金魚腦Goldfish Brain,,,Sat Mar 11 2023 08:41:14 GMT+0800 (台北標準時間),,,
"離東京50分鐘! 24小時深遊吃到飽富士山伊豆! No.1鰻魚飯, 夢幻溫泉, 富士山絕景超讚...【深日本旅 × 静岡伊豆】",60,youtube,https://www.youtube.com/watch?v=sew_we9W4ZI,TommyTommy Japan,,,Thu Mar 09 2023 09:38:54 GMT+0800 (台北標準時間),,,
【台南】5間必訪草莓季甜點！通通都季節限定～老字號霸氣草莓冰、夢幻草莓舒芙蕾、超人氣日式草莓大福、巷仔內才知道的草莓千層蛋糕，還有入口即化草莓龍鬚糖！草莓控別錯過！｜1000步的繽紛台灣 Ep433,59,youtube,https://www.youtube.com/watch?v=DKlJCT4wSrI,1000步的繽紛台灣,,,Wed Mar 08 2023 23:59:14 GMT+0800 (台北標準時間),,,
[真實評測] 嚴選福岡5間人氣拉麵大比拼 | 排隊超過2小時值得嗎? | 實測邊間最好食 | 大熱之選竟然令人失望? | 博多豚骨湯拉麵,58,youtube,https://www.youtube.com/watch?v=myP7WEey2So,身在福岡不知福 ,,,Wed Mar 08 2023 23:49:21 GMT+0800 (台北標準時間),,,
"超澎湃""虱目魚蓋飯"" - 新北吃透透│新北美食必吃│台南林無刺虱目魚│【非凡大探索】2020.02.02",57,youtube,https://www.youtube.com/watch?v=DIJNLtM5wIc,非凡大探索,,,Wed Mar 08 2023 07:20:23 GMT+0800 (台北標準時間),,,
주말에 1000개씩 팔린다는? 미국 뉴욕 스타일 직화그릴 치즈버거 / New York Style Grilled Cheeseburger / korean street food,56,youtube,https://www.youtube.com/watch?v=pStOj15kRuY,찐푸드 JJin Food,,,Mon Mar 06 2023 23:18:40 GMT+0800 (台北標準時間),,,
2023年東京新飯店報告－－新宿歌舞伎町風貌大轉換！安縵都會型飯店、寶格麗飯店、羽田美居，以及地方創生旅館典範「松本十帖」｜2023日本新旅宿（下）,55,youtube,https://www.youtube.com/watch?v=YAoyozOfa-4,工頭堅。旅行長,,,Sun Mar 05 2023 23:45:09 GMT+0800 (台北標準時間),,,
福岡－讓人最想住在這的日本城市，全新文藝氣息滿點旅宿，攀上高塔體驗極限體能，到鬼滅之刃動漫聖地巡禮，宅叔魂藏不住啦｜2022福岡新景點,54,youtube,https://www.youtube.com/watch?v=-1lirjXTKQM,工頭堅。旅行長,,,Sun Mar 05 2023 23:43:31 GMT+0800 (台北標準時間),,,
卡士達餡爆出來的神泡芙🔥黑川溫泉街邊走邊吃紀錄😋【熊本黑川溫泉EP.2 温泉街食べ歩き】,53,youtube,https://www.youtube.com/watch?v=9XoONN6bazU,強運少女RU,,,Sun Mar 05 2023 20:07:30 GMT+0800 (台北標準時間),,,
🇰🇷韓國人的「財富自由」長怎麼樣？上流社會的物價大開我的眼界😂2千塊牛奶冰…｜韓勾ㄟ金針菇 찐쩐꾸,52,youtube,https://www.youtube.com/watch?v=a4py_NNGCg0,韓勾ㄟ金針菇 찐쩐꾸,,,Sun Mar 05 2023 19:49:37 GMT+0800 (台北標準時間),,,
挑戰4092公尺高的神山！還有全世界最高的鐵索！｜The DoDo Men 嘟嘟人,51,youtube,https://www.youtube.com/watch?v=A9x2myX5JHk,dd邊走邊吃,,,Sun Mar 05 2023 17:13:30 GMT+0800 (台北標準時間),,,
【#日本】海天一色！探訪衝浪者天堂｜高千穗神社巡禮｜自駕上山下海隨我行#溢遊未盡 @globalnewstw,50,youtube,https://www.youtube.com/watch?v=ZbmeQsfl1b4,亞洲旅遊台 - 官方頻道,,,Sun Mar 05 2023 14:29:08 GMT+0800 (台北標準時間),,,
神隱少女電影場景!!日本松山市一日遊太開心到不行!!【日本導覽原】,49,youtube,https://www.youtube.com/watch?v=Ms5ViutfsPU,三原JAPAN Sanyuan_JAPAN,,,Sun Mar 05 2023 14:16:19 GMT+0800 (台北標準時間),,,
日本小助理第一次挑戰滑雪！獎勵旅遊是日本東北96小時吃到飽享受各種美食！,48,youtube,https://www.youtube.com/watch?v=VQbdrGI8jpo,三原JAPAN Sanyuan_JAPAN,,,Sun Mar 05 2023 13:54:28 GMT+0800 (台北標準時間),,,
VLOG｜去葡萄牙波多衝浪，各國同學都對台灣議題超有興趣！波多當地人最推薦的觀光景點竟然是？！,47,youtube,https://www.youtube.com/watch?v=od7O51Kj53Y,法國的十萬個為什麼Pourquoi la France,,,Sun Mar 05 2023 13:27:17 GMT+0800 (台北標準時間),,,
高雄獨旅Day2！這幾家店我都好喜歡😍、鹽埕第一公有市場、被狗狗包圍的老宅咖啡店🐶、連續兩天吃魚&吉😋,46,youtube,https://www.youtube.com/watch?v=A9x2myX5JHk,dd邊走邊吃,,,Sat Mar 04 2023 21:03:35 GMT+0800 (台北標準時間),,,
"72小時深遊吃到飽北海道全新滑雪度假村! 黑鮪魚壽司, 和牛烤肉, 雪景溫泉等根本是天堂…!! 【深日本旅 × 北海道】",45,youtube,https://www.youtube.com/watch?v=i6tBanITi94,TommyTommy Japan,,,Sat Mar 04 2023 20:30:27 GMT+0800 (台北標準時間),,,
潛入甘比亞最內陸！吃了會乒乓叫的草+神秘巨石陣+恐怖奴隸島…非洲原來長這樣？【龍係嘉己郎 EP.2】| Travel in Gambia,44,youtube,https://www.youtube.com/watch?v=5TIYBBsQiiM,臺灣尋奇,,,Sat Mar 04 2023 12:14:12 GMT+0800 (台北標準時間),,,
一天吃爆12家小琉球人氣美食！爆漿起司餅、海龜燒、脆皮蛋餅環島必吃攻略懶人包！｜🌱泱泱LYNN,43,youtube,https://www.youtube.com/watch?v=9qz8H3wyo5c,泱泱LYNN,,,Thu Mar 02 2023 06:56:00 GMT+0800 (台北標準時間),,,
2月日常Vlog｜小琉球的生活都在幹嘛？生命裡多了一位新成員🥰,42,youtube,https://www.youtube.com/watch?v=edXRT0cvmwc,dd邊走邊吃,,,Wed Mar 01 2023 04:33:38 GMT+0800 (台北標準時間),,,
今天翔什麼 | 沖繩花絮實境紀錄 | 最懷念的拉麵還可以吃錯 | 招牌看也不看就走進店? | 市中心國際通的飯店要住那裡才方便 |,41,youtube,https://www.youtube.com/watch?v=wJ3om5wbyuM,浩角翔起笑一個官方頻道,,,Tue Feb 28 2023 20:50:45 GMT+0800 (台北標準時間),,,
大陸媽媽台灣市場初體驗：這是什麼呀❓那是什麼啊❓都想嚐嚐...【我們倆Ricky&Nina】,40,youtube,https://www.youtube.com/watch?v=dmIjsxRe17E,我們倆Ricky&Nina,,,Fri Feb 24 2023 21:07:34 GMT+0800 (台北標準時間),,,
加拿大的滷肉飯 排骨飯 鹽酥雞好吃嗎？溫哥華最有名的台灣餐廳！DenQ,39,youtube,https://www.youtube.com/watch?v=74wPu8VY3Rw,隨便吧DenQ,,,Tue Feb 21 2023 16:57:54 GMT+0800 (台北標準時間),,,
【希臘】歐洲文明的起源！雅典衛城、 憲法廣場、 普拉卡舊城區，體驗希臘最受好評的景點｜#發現地中海 EP1 許嘉凌Ivy @asiatravel-tv,38,youtube,https://www.youtube.com/watch?v=SIr8X0s_wJk,亞洲旅遊台 - 官方頻道,,,Sun Feb 19 2023 20:00:59 GMT+0800 (台北標準時間),,,
希臘雅典的物價超級低🇬🇷不能錯過的美食和景點攻略🤤,37,youtube,https://www.youtube.com/watch?v=CV-p0E1cSCg,熊出沒注意,,,Sun Feb 19 2023 19:23:02 GMT+0800 (台北標準時間),,,
老饕宇宙角色Ｑ＆Ａ！新竹兩天一夜！市場裡的魔幻夜市？質感台灣桌菜！爽吃到吐的老饕春酒行！,36,youtube,https://www.youtube.com/watch?v=jxGyH-yHDNM,痛風老饕易胖體質,,,Sun Feb 19 2023 18:50:55 GMT+0800 (台北標準時間),,,
激推當地居酒屋跟飯店早餐吃到飽! 日本人の48小時快閃北海道札幌自由行! 星野集團一晚800元cp值超高...,35,youtube,https://www.youtube.com/watch?v=pfScl3gITTw,TommyTommy Japan,,,Sat Feb 18 2023 20:36:40 GMT+0800 (台北標準時間),,,
不用付房租的加州城市住一晚！而且沒有警察，想幹嘛就幹嘛！😱,34,youtube,https://www.youtube.com/watch?v=tElmjwLP_j8,The DoDo Men - 嘟嘟人,,,Thu Feb 16 2023 07:16:55 GMT+0800 (台北標準時間),,,
【台湾旅行🇹🇼】1泊2日週末弾丸！初めての台湾で食べ歩きグルメ旅行記,33,youtube,https://www.youtube.com/watch?v=j0FMeyB9VBU,MizukiJP,,,Sun Feb 12 2023 07:42:04 GMT+0800 (台北標準時間),,,
加拿大男子20年前搬來台灣追逐他的夢想 🇹🇼🇨🇦 CANADIAN MOVED TO TAIWAN 20 YEARS AGO TO FOLLOW HIS DREAMS,32,youtube,https://www.youtube.com/watch?v=-Qe_h6NBPfU,Wes Davies 衛斯理,,,Sat Feb 11 2023 18:01:38 GMT+0800 (台北標準時間),,,
有人戀愛大吉有人30KG行李不見！？全新日本旅遊單元～週刊少年MOKUYO Vol.3！京都大阪箱根,31,youtube,https://www.youtube.com/watch?v=N0qEdOuZmIs,木曜4超玩,,,Sat Feb 11 2023 04:14:58 GMT+0800 (台北標準時間),,,
[Ep. 21 SP極短篇] 今天我們有不會說中文的來賓 | 開餐廳到底有多難？| 去澳洲打工採洋蔥好不好賺？| 蘇格蘭人覺得威士忌加蜂蜜檸檬可以治百病 [feat. Aye Taipei],30,youtube,https://www.youtube.com/watch?v=-TTUwH01KBw,好檸檬 NiceLemon,,,Fri Feb 10 2023 13:59:45 GMT+0800 (Taipei Standard Time),,,
What to do in Hanoi for one day,29,youtube,https://www.youtube.com/watch?v=3rKxFMx3CyY,What The Pho ,,,Wed Feb 08 2023 10:08:19 GMT+0800 (台北標準時間),,,
Indonesia's PSYCHEDELIC Sambal Fried Chicken!! 5 Amazing STREET FOODS in Yogyakarta!,28,youtube,https://www.youtube.com/watch?v=uMEkiUBZZ2w,Luke Martin,,,Tue Feb 07 2023 21:37:50 GMT+0800 (台北標準時間),,,
今天翔什麼 | 斗六棒球場內裝直擊 |  球場旁的飯店餐廳半日遊 | 味全龍吳東融介紹美食  | 經典賽中華隊練習場地 | 介紹到最後 手機還不見 真的很普龍共 |,27,youtube,https://www.youtube.com/watch?v=hleiImbL0og,浩角翔起笑一個官方頻道,,,Tue Feb 07 2023 20:29:55 GMT+0800 (台北標準時間),,,
✿沈✿第一次吃家鄉美食 姨不小心吃12家 必吃軟Q粉漿厚蛋餅 純紫米八寶冰 乾的鍋燒意麵 奶酥厚片 拔絲地瓜 媽媽也說好吃 台南新營,26,youtube,https://www.youtube.com/watch?v=VwCrQj1eN40,陪沈團,,,Mon Feb 06 2023 17:19:10 GMT+0800 (Taipei Standard Time),,,
Fireworks in SOLO'S STREET FOOD Kitchens!! Crazy Indonesian Food in Surakarta!,25,youtube,https://www.youtube.com/watch?v=ZxYbIjb3w4I,Luke Martin,,,Mon Feb 06 2023 08:46:52 GMT+0800 (台北標準時間),,,
BATU CAVES AND ON TO THE NEXT CITY (we're staying in Malaysia),24,youtube,https://www.youtube.com/watch?v=-o-ViAOhMWY,One Pack Wanderers,,,Thu Feb 02 2023 13:04:57 GMT+0800 (Taipei Standard Time),,,
【這泱拍VLOG】快閃日本！吃爆北海道特色美食！意外發現人生第一名的迴轉壽司就在這？｜🌱泱泱LYNN,23,youtube,https://www.youtube.com/watch?v=1Al3czGCRFI,泱泱LYNN,,,Thu Feb 02 2023 09:13:39 GMT+0800 (台北標準時間),,,
【絶品旅】新潟グルメ食べ飲みツアー！,22,youtube,https://www.youtube.com/watch?v=h4URSIk6gvc,散歩するアンドロイド,,,Tue Jan 31 2023 12:14:55 GMT+0800 (台北標準時間),,,
巴黎台灣餐廳,21,gpstory,,,,On va déguster Paris: L'encyclopéguide qui dévore la capitale à pleines dents ,Mon Jan 30 2023 22:03:55 GMT+0800 (台北標準時間),,,
【青森県】八甲田山の温泉宿で湯治してきました。,20,youtube,https://www.youtube.com/watch?v=fYfzdSqaI7M,散歩するアンドロイド,,,Mon Jan 30 2023 08:37:16 GMT+0800 (台北標準時間),,,
THE FAMOUS PETALING STREET MARKET,19,youtube,https://www.youtube.com/watch?v=cr0PtdjdsSc,One Pack Wanderers,,,Mon Jan 30 2023 08:03:23 GMT+0800 (台北標準時間),,,
【北陸2泊3日】越前がにを食べて加賀温泉に浸かる,18,youtube,https://www.youtube.com/watch?v=nMCF_BEYGhI,散歩するアンドロイド,,,Sun Jan 29 2023 21:31:22 GMT+0800 (台北標準時間),,,
東京　下町の銭湯に行ってきました。,17,youtube,https://www.youtube.com/watch?v=62vCVp40N5M,散歩するアンドロイド,,,Sun Jan 29 2023 17:27:38 GMT+0800 (台北標準時間),,,
【岩手県花巻温泉】日本一深い自噴天然岩温泉に入浴♨️,16,youtube,https://www.youtube.com/watch?v=NFUKnqZWO0M,散歩するアンドロイド,,,Sun Jan 29 2023 17:25:52 GMT+0800 (台北標準時間),,,
車滿就出發日本篇-好險有衝這波!!超級美景全部人驚呼不斷!!驚喜橋段也讓來賓頻頻說愛我?!,15,youtube,https://www.youtube.com/watch?v=CAuG6iw5xLU,蔡哥,,,Sun Jan 29 2023 14:34:42 GMT+0800 (台北標準時間),,,
大陸媽媽說:「這種日子不能太久，等回去了我做夢都得想著這個」【我們倆Ricky&Nina】,14,youtube,https://www.youtube.com/watch?v=ZCIs1hoFym8,我們倆Ricky&Nina,,,Sun Jan 29 2023 13:23:13 GMT+0800 (台北標準時間),,,
大陸媽媽看到這景色說：寬闊、包容都在這裡邊呢！什麼也不計較！真悠閒呀！【我們倆Ricky&Nina】,13,youtube,https://www.youtube.com/watch?v=mQltcatWS-I,我們倆Ricky&Nina,,,Sun Jan 29 2023 13:18:30 GMT+0800 (台北標準時間),,,
大陸媽媽驚：原來這是台灣的春捲？這麼大啊？！「春三樣」是什麼？真好吃啊！【我們倆Ricky&Nina】,12,youtube,https://www.youtube.com/watch?v=i9_JoktJ0QE,我們倆Ricky&Nina,,,Sun Jan 29 2023 13:06:51 GMT+0800 (台北標準時間),,,
第一次去東京買安全帽就被騙？！東京遊VLOG！ Feat.麻希.千千(友情客串),11,youtube,https://www.youtube.com/watch?v=x3WpO_jbH0Q,陳大黑Hei Chen,,,Sun Jan 29 2023 10:53:12 GMT+0800 (台北標準時間),,,
箱根出張／Business trip to Hakone in Kanagawa prefecture,10,youtube,https://www.youtube.com/watch?v=6wWYINiQpeI,あかね的日本語教室,,,Sun Jan 29 2023 07:45:20 GMT+0800 (台北標準時間),,,
【呱吉直播】呱吉電台EP136：台三線的莎呦哪啦,9,youtube,https://www.youtube.com/watch?v=XwDjaxkBYK4,木曜4超玩,,,Sun Jan 29 2023 00:35:53 GMT+0800 (台北標準時間),,,
三組主持人玩爆大阪京都！全新日本旅遊單元～週刊少年MOKUYO！連載スタート！Vol.1！特別感謝星宇航空,8,youtube,https://www.youtube.com/watch?v=XwDjaxkBYK4,木曜4超玩,,,Thu Jan 26 2023 21:36:43 GMT+0800 (台北標準時間),,,
[ Taiwan Trip ] 2泊3日台湾・台北グルメ旅🇹🇼 本当に美味しいお店を全部紹介！2023年1月最新,7,youtube,https://www.youtube.com/watch?v=qa385GqBXJ8,miku / 未来,,,Thu Jan 26 2023 10:03:35 GMT+0800 (台北標準時間),,japanese,
大陸媽媽說:「這種日子不能太久，等回去了我做夢都得想著這個」【我們倆Ricky&Nina】,6,youtube,https://www.youtube.com/watch?v=0mnW8Kk_QEs,賈文青德仔,,,Mon Jan 23 2023 00:13:26 GMT+0800 (台北標準時間),,chinese,
2022高雄必比登，48小時爽吃特輯十選 ! 平價米其林推薦美食，首次入榜的高雄好料 !  超夯溫體牛肉鍋、嫩Q口感鴨腿飯、鹽埕米糕名店、高雄肉燥冠軍  【 肥波外食記 】,5,youtube,https://www.youtube.com/watch?v=6iCc_iH_C60,肥波開吃啦,,,Wed Jan 25 2023 00:01:59 GMT+0800 (台北標準時間),,chinese,
請法國人吃過年團圓飯  直接包下百年大廟請總鋪師來辦桌！ Feat. @atotheda    @Kusdream      ｜Chill Chill 冒險野郎｜EMZ昇恆昌,4,youtube,https://www.youtube.com/watch?v=WaMXBjudjrc,EMZ昇恆昌,,,Tue Jan 24 2023 11:28:46 GMT+0800 (台北標準時間),,chinese,
《賈文青比你愛台灣》臺北市中正區（下）：南機場夜市便宜的在地美食只有這裡吃得到！還有深藏不露的郵政博物館，與小九份寶藏巖國際藝術村！,3,youtube,https://www.youtube.com/watch?v=VKmm9NPiCMQ,,,,Tue Jan 24 2023 11:14:57 GMT+0800 (台北標準時間),,chinese,
about yusheng,2,gpstory,,,,,,,chinese,
出國前必看：2023東京美食+滑雪專輯,1,youtube,https://www.youtube.com/watch?v=VKmm9NPiCMQ,,,,,,chinese,