name,landmark_id,tags,address,notes,contributor,lat,lng,is_delete,link,update_time_stamp,story_id
花旗球場,1050,,,,,40.7570877,-73.8458213,,0,,258
南翔小籠包,1049,,,,,40.7595751,-73.8324134,,0,,258
Kobayashiya,1048,,,,,35.6258497,134.8100594,,0,,257
采宏牛肉麵-原建宏牛肉麵,1047,,,,,25.0478727,121.5075179,,0,,256
雫石滑雪場,1046,,,,,39.7736975,140.9243345,,0,,255
沐作 Resin Woodwork,1045,,,,,24.2056657,120.6312149,,0,,255
ALL RIDE SKATE/SURF/SNOW,1044,,,,,25.0800142,121.5720337,,0,,255
櫻雪旅行社 滑雪中毒者,1043,,,,,25.0469941,121.5397795,,0,,255
Parkway Bakery & Tavern,1042,,,,,29.9736296,-90.0902549,,648,,254
The National WWII Museum,1041,,,,,29.9430711,-90.0705317,,565,,254
ACME 餐廳,1040,,,,,29.9544184,-90.0688424,,411,,254
Bourbon St,1039,,,,,29.9547116,-90.06916036,,0,,254
傑克遜廣場 (Jackson Square),1038,,,,,29.9574024,-90.0629495,,264,,254
cafe du monde new orleans coffee 世界咖啡館,1037,,,,,29.9576044,-90.0617687,,178,,254
大仁哥蔗香脆皮桶仔雞-宜蘭旗艦店,1036,,,,,24.7762382,121.7791937,,0,,253
雫石王子大飯店,1035,,,,,39.7750778,140.9301605,,0,,252
卯澳海洋驛站-新北 人氣必吃海鮮美食餐廳 平價特色料理 網紅雜誌熱門首選推薦,1034,,,,,25.0111933,121.9890071,,0,,251
中華料理東東(トントン),1033,,,,,35.7772027,139.9573335,,0,,250
Esco Beach Bar Lounge & Restaurant,1032,,,,,16.0658995,108.246011,,507,,249
Ớt Xanh Ocean Restaurant,1031,,,,,16.0666529,108.2459775,,193,,249
Minh Toan Ocean Hotel,1030,,,,,16.0669592,108.2449362,,0,,249
美溪沙灘,1029,,,,,16.0469997,108.25,,327,,248
巴拿山太陽世界,1028,,,,,16.0265144,108.0327972,,234,,248
五行山,1027,,,,,16.0034756,108.2645803,,195,,248
會安古鎮,1026,,,,,15.8772695,108.3297083,,170,,248
靈應寺,1025,,,,,16.0027644,108.2645824,,0,,248
Polo Fried Chicken,1024,,,,,13.7322268,100.545961,,640,,247
陳億粿條店,1023,,,,,13.7401837,100.5099661,,235,,247
Kor Panit’s Sticky Rice,1022,,,,,13.7520958,100.4983613,,374,,247
Elvis Suki,1021,,,,,13.7489052,100.5143204,,505,,247
紅大哥水門雞飯(總店),1020,,,,,13.7495863,100.5420894,,75,,247
上味泰餐馆,1019,,,,,13.7202104,100.5680671,,0,,246
紅大哥水門雞飯(總店),1018,,,,,13.7495863,100.5420894,,0,,246
吞武里市場,1017,,,,,13.7847965,100.3971688,,0,,244
La Rochela,1016,,,,,40.4336553,-3.7025217,,840,,242
Perrachica,1015,,,,,40.4337343,-3.7027922,,1009,,242
Restaurante San Cristóbal,1014,,,,,40.415842,-3.7056157,,1117,,242
el retiro park麗池公園,1013,,,,,40.4152606,-3.6844995,,715,,242
火腿博物館 (Museo del Jamón),1012,,,,,40.416563,-3.701547,,416,,242
Chocolatería San Ginés,1011,,,,,40.4167407,-3.7069176,,191,,242
佬法室 ,1010,,,,,24.7848189,121.0105686,,313,,241
桂冠壽司,1009,,,,,24.8148263,120.9756869,,206,,241
布蕾咖啡,1008,,,,,24.7862947,121.015067,,13,,241
Piccola Enoteca 彼刻義式餐酒館,1007,,,,,24.8194758,121.0245357,,155,,240
沖繩拉麵 六家,1006,,,,,24.8203395,121.0229224,,296,,240
榅燻Comfort Table Smoke BBQ,1005,,,,,24.8361557,121.0113233,,456,,240
芭樂王,1004,,,,,23.9032467,120.6047107,,985,,239
阿來羊肉,1003,,,,,24.0249167,120.5385871,,526,,239
許記花壇肉羹,1002,,,,,24.02514,120.538308,,155,,239
山間倉房,1001,,,,,24.975321,121.5008455,,0,,238
Macy's,1000,,,,,40.750831,-73.9890961,,0,,237
眾神花園 (Garden of the Gods),999,,,,,38.8717933,-104.8861757,,713,,236
Pawnee Campground/Long Lake Trailhead,998,,,,,40.0788947,-105.5788466,,572,,236
Meow Wolf Denver | Convergence Station,997,,,,,39.7408201,-105.0156629,,487,,236
Summit Lake Park,996,,,,,39.5985501,-105.6405884,,248,,236
Denver Union Station,995,,,,,39.7531499,-105.0001518,,134,,236
Red Rocks Park and Amphitheatre,994,,,,,39.6655381,-105.2052116,,0,,236
SuperMegaBien,993,,,,,39.7572539,-104.986322,,516,,235
El Five,992,,,,,39.7591116,-105.0115013,,422,,235
"Tocabe, An American Indian Eatery",991,,,,,39.7765526,-105.0342438,,285,,235
Sherpa House Restaurant and Culture Center,990,,,,,39.7522694,-105.2188278,,130,,235
City O' City,989,,,,,39.7366908,-104.9846353,,12,,235
Qurum Beach,988,,,,,23.6250104,58.4792805,,953,,234
Qurum Natural Park,987,,,,,23.6215814,58.4927579,,541,,234
卡布斯蘇丹大清真寺 (Sultan Qaboos Grand Mosque),986,,,,,23.5838077,58.3886687,,409,,234
Nizwa Fort,985,,,,,22.933212,57.530196,,246,,234
Wadi Ash Shab,984,,,,,22.8108841,59.18171,,68,,234
Al aman hotel apartment,983,,,,,23.5826933,58.3891249,,257,,233
Lebanese Restaurant Al Khuwair,982,,,Al Jood Restaurant,,23.5913209,58.4300002,,584,,233
Casa de Pilatos,981,,,,,37.3899991,-5.9872061,,825,,232
Iglesia Colegial del Divino Salvador,980,,,,,37.3899966,-5.9928375,,805,,232
La Giralda,979,,,,,37.3861784,-5.9926137,,741,,232
Catedral de Sevilla,978,,,,,37.3858247,-5.9931068,,700,,232
Alameda de Hércules,977,,,,,37.3988199,-5.9935881,,657,,232
Metropol Parasol / Las Setas (The Mushrooms of Seville),976,,,,,37.3932701,-5.9917478,,616,,232
Antiquarium,975,,,,,37.3936966,-5.992124,,557,,232
Palacio de las Dueñas,974,,,,,37.3948492,-5.9893635,,504,,232
Triana & Torre del Oro,973,,,,,37.3824529,-5.9963128,,360,,232
Real Alcázar of Seville,972,,,,,37.3830519,-5.9902257,,195,,232
Santa Cruz,971,,,,,37.38433235,-5.990369054,,152,,232
Parque de María Luisa,970,,,,,37.3744981,-5.9883176,,123,,232
Plaza de España,969,,,,,37.37734061,-5.986807173,,51,,232
OwlStay故事所 夾腳拖的家 花園,968,,,,,25.05054,121.518145,,0,,231
聖特爾莫橋,967,,,,,37.38081749,-5.996280478,,484,,230
都市陽傘,966,,,,,37.39346596,-5.991733994,,445,,230
塞維亞鬥牛廣場,965,,,,,37.3859934,-5.9984005,,429,,230
黃金塔,964,,,,,37.38251255,-5.996237702,,392,,230
新廣場,963,,,,,37.38873671,-5.994784185,,373,,230
憲法大道,962,,,,,37.385393,-5.994011254,,354,,230
塞維亞大學,961,,,,,37.3807579,-5.9912307,,332,,230
阿方索十三世酒店,960,,,,,37.3814838,-5.9926592,,325,,230
卡比爾多廣場,959,,,,,37.3856078,-5.9946872,,298,,230
塞維亞王宮,958,,,,,37.3830519,-5.9902257,,194,,230
塞維亞主教堂,957,,,,,37.3858247,-5.9931068,,117,,230
西班牙廣場,956,,,,,37.3771957,-5.986893,,57,,230
Vinitus,955,,,,,41.3900261,2.1640484,,0,,229
佳珍飲食店,954,,,,,24.782063,121.0201476,,0,,227
永和炒飯,953,,,,,24.8178702,120.9707678,,0,,227
舊港2號鮮味料理,952,,,,,24.7814209,121.022764,,0,,227
一碗香粥飯麵食館,951,,,,,24.7920936,120.9271893,,0,,227
黑隆美食,950,,,,,24.8033063,120.9647221,,0,,227
米舖,949,,,,,24.8015026,120.9673023,,0,,227
御廚雲泰美食,948,,,,,24.8095667,120.9640027,,0,,227
北門來呷・燒米研製所,947,,,,,24.8065523,120.9659644,,0,,227
眼鏡大叔の米食研究所,946,,,,,24.8177221,120.972814,,0,,227
金順發食事坊,945,,,什錦炒飯,,24.8090896,120.9726913,,0,,227
朱記餡餅粥店 巨城百貨新竹店,944,,,,,24.8094444,120.9747222,,0,,227
TeaYammi,943,,,,,48.8667834,2.3352582,,593,,226
Le 37m2,942,,,,,48.8687344,2.3367197,,467,,226
CIAO ROUE 台灣車輪餅,941,,,台灣車輪餅,,48.8624473,2.3570351,,167,,226
鼎倫牛肉麵 (台東),940,,,,,22.5312573,120.9661638,,1522,,225
一碗小 (花蓮),939,,,,,23.9818828,121.6091228,,1432,,225
二鬼麵舖 (宜蘭),938,,,,,24.7562956,121.7577699,,1338,,225
廣東汕頭牛肉麵 (基隆),937,,,,,25.1459565,121.7393944,,1247,,225
牛爸爸牛肉麵 (台北),936,,,,,25.0690113,121.594563,,1149,,225
富宏牛肉麵 (台北),935,,,,,25.0476197,121.5077358,,1069,,225
大庭牛肉麵 (新北),934,,,,,25.017794,121.457455,,1003,,225
永川牛肉麵 (桃園),933,,,,,24.9564113,121.2171367,,971,,225
段純貞牛肉麵 建功店 (新竹),932,,,,,24.8026457,120.9937853,,882,,225
白沙屯外省牛肉麵 (苗栗),931,,,,,24.561691,120.7080446,,816,,225
老爹牛肉麵 (金門),930,,,,,24.4404261,118.4136619,,792,,225
老夫子牛肉麵 (台中),929,,,,,24.1579299,120.6907668,,688,,225
八張牛肉麵 (南投),928,,,,,23.8287262,120.794967,,641,,225
聞香牛肉麵 (彰化),927,,,,,24.0832296,120.555724,,562,,225
老謝牛肉麵 (雲林)☆,926,,,,,23.6972522,120.537668,,500,,225
王記川味牛肉麵 (嘉義),925,,,,,23.4790177,120.4292194,,429,,225
黃先生麵舖 (台南),924,,,,,22.9956986,120.229046,,307,,225
阿秀小吃部牛肉麵 (屏東) ★,923,,,,,22.666468,120.465105,,222,,225
美東芳牛肉麵 (澎湖),922,,,,,23.6482955,119.5990811,,164,,225
大牛牛肉麵 四維總店 (高雄),921,,,,,22.6193988,120.3096378,,66,,225
漁采 時令料理,920,,,,,22.7643585,121.1380977,,396,,224
陳記麻糬,919,,,,,22.7601924,121.1513338,,314,,224
陳家蔥油餅黑輪,918,,,,,22.7572913,121.1563984,,217,,224
曾記脆皮臭豆腐,917,,,,,22.7537373,121.1567159,,125,,224
吳記家傳手工蔥油餅,916,,,,,22.7673599,121.1437298,,30,,224
Pizzeria Brandi,915,,,,,40.8367116,14.2468161,,1274,,223
Funicolare mergellina,914,,,,,40.82635,14.2194713,,1146,,223
Spaccanapoli,913,,,,,40.85039168,14.25935352,,1093,,223
L'Antica Pizzeria da Michele,912,,,,,40.8497563,14.2633002,,867,,223
Duomo Station,911,,,,,40.84774,14.261591,,849,,223
toledo station,910,,,,,40.8424948,14.2489206,,810,,223
Galleria Umberto,909,,,,,40.8386518,14.2494166,,728,,223
那不勒斯王宮,908,,,,,40.8362316,14.2494027,,613,,223
Ostello Bello Napoli,907,,,,,40.8424871,14.2508688,,0,,223
新耶穌教堂 (Chiesa del Gesù Nuovo),906,,,,,40.8473898,14.2519925,,95,,223
Gino e Toto Sorbillo,905,,,,,40.8503854,14.2553028,,153,,223
Sri Trat Restaurant and Bar,904,,,豬肉鹹魚餅220฿ 慢燉豬肉咖哩250฿ 很想二刷指數 4/5,,13.7367855,100.5655184,,921,,222
The Local,903,,,三味醬炸海鱺680฿ 綜合開胃菜290฿ 很想二刷指數 4.5/5,,13.7406459,100.5610277,,779,,222
Here Hai,902,,,蟹肉歐姆蛋480฿ 嘎拋辣炒皮皮蝦430฿ 很想二刷指數 5/5,,13.7302707,100.5837671,,648,,222
王春盛牛肉火鍋,901,,,牛雜火鍋200฿ 牛腱60฿ 毛肚60฿ 很想二刷指數 6/5,,13.7165926,100.5584301,,505,,222
Bangkok Bold Kitchen at Central Embassy,900,,,,,13.7441116,100.5435071,,402,,222
Thai Niyom Cuisine,899,,,泰北咖哩雞腿麵185฿ 椰奶烤雞160฿ 很想二刷指數 4/5,,13.7419162,100.5465601,,282,,222
澤記酒家,898,,,牛肉燴麵160฿ 鮮肉雲吞湯120฿ 炸雲吞40฿ 很想二刷指數 4.5/5,,13.7628605,100.5393373,,150,,222
陳瑞興餐室,897,,,陶鍋鴨肉煲200฿ 鴨肉湯麵60฿ 很想二刷指數 5/5,,13.7468617,100.5237712,,21,,222
Nazuna Kyoto Gosho,896,,,,,35.0158832,135.7571696,,408,,221
京都千酒店 (The Thousand Kyoto),895,,,,,34.9864196,135.7612921,,2384,,221
錦市場,894,,,,,35.0050258,135.764723,,1667,,221
南禪寺,893,,,,,35.0114138,135.7944841,,981,,221
田浦歐洲風咖啡廳 카페보니따인더하우스,892,,,,,35.1529674,129.0670367,,683,,220
鯨酒海關 경주해관,891,,,,,35.10206661,129.0345149,,431,,220
히떼 로스터리 田浦咖啡廳,890,,,,,35.15574639,129.0681943,,355,,220
 도그민 狗狗咖啡廳,889,,,,,35.15664612,129.1252825,,298,,220
 Vips 牛排,888,,,,,35.13347757,129.1126901,,70,,220
오롯 airbnb,887,,,,,35.09260954,129.0621742,,190,,219
釜山宅烤肉 부산댁,886,,,,,35.1584384,129.0614781,,1036,,218
BIFF 廣場,885,,,,,35.098243,129.029212,,874,,218
南浦洞冷麵 할매가야밀면,884,,,,,35.099022,129.0312568,,793,,218
影島咖啡廳 피아크,883,,,,,35.0860701,129.0767509,,511,,218
31冰淇淋旗艦店배스킨라빈스 부산서면중앙,882,,,,,35.1539349,129.0597285,,160,,218
豬肉湯飯,881,,,,,35.155954,129.0585974,,117,,218
八卦夜未眠景觀餐廳,880,,,,,25.1337242,121.5355388,,425,,217
屋頂上,879,,,,,25.1334811,121.5394123,,425,,217
新富町文化市場,878,,,,,25.035772,121.5018519,,230,,216
小王煮瓜,877,,,,,25.0392193,121.4986043,,20,,216
東棧水餃館,876,,,,,24.6006783,120.9986678,,0,,215
大谷屋食堂,875,,,,,34.6670794,137.2681553,,793,,214
潮音寺,874,,,,,34.6260389,137.0988698,,729,,214
初立池公園,873,,,,,34.5953101,137.0607278,,575,,214
伊良湖岬,872,,,,,34.58140569,137.0179007,,532,,214
manpachiya 萬八屋 ,871,,,,,34.5812791,137.0213475,,416,,214
高雄肉圓 -許,870,,,,,25.0580734,121.5663079,,0,,213
北門口肉圓,869,,,,,24.0830331,120.5422121,,375,,213
萬全肉圓-鼓山店,868,,,,,22.6200364,120.2725264,,176,,213
生地 - 新竹市北區長安街87-1號,867,,,,,24.807098,120.9651948,,1693,,212
覓雪 - 新竹市東區中央路43號,866,,,,,24.8048917,120.9674428,,1583,,212
時覓 - 新竹市北區平和街32號,865,,,,,24.8050344,120.9670733,,1513,,212
吉十咖啡 - 新竹市北區北門街36號,864,,,,,24.8057731,120.96616,,1412,,212
硬派主廚的軟嫩料理 - 新竹市東區東門市場1143號中央路102巷10號,863,,,,,24.8054975,120.9691403,,1272,,212
石坊小井 - 新竹市北區石坊街17-4號/新竹市立動物園,862,,,,,24.8026807,120.9646642,,955,,212
或者風旅 - 新竹市北區大同路175號,861,,,,,24.807347,120.9665807,,789,,212
歲時亭 - 新竹市北區西大路484號,860,,,,,24.8048393,120.9635784,,769,,212
薏人界 - 新竹市北區西大路420號,859,,,,,24.8033668,120.9646625,,629,,212
李克承博士故居 a-moom - 新竹市東區勝利路199號,858,,,,,24.801362,120.964054,,472,,212
麗池公園,857,,,,,24.8000784,120.9772355,,464,,212
Dejavu咖啡館 - 新竹市東區東大路一段37號,856,,,,,24.8030505,120.975597,,351,,212
艷麗 - 新竹市東區南大路52號,855,,,,,24.8028095,120.9778746,,130,,212
昭和58咖啡廳,854,,,,,23.974566,121.6079799,,841,,211
慶豐麵店,853,,,,,23.979054,121.5687386,,679,,211
北港羊肉大王,852,,,,,23.9745836,121.6074805,,641,,211
心地日常-桂花蜜酒釀雪花冰,851,,,,,23.9781443,121.6054297,,431,,211
崇德瑩農場,850,,,,,24.1452319,121.663096,,218,,211
南澳十分之一早餐,849,,,,,24.4682593,121.8001816,,15,,211
Legends Bar & Grill 傳奇漢堡披薩,848,,,,,22.6647989,120.3089146,,0,,210
Minari Korean restaurant,847,,,,,46.6845501,7.8554295,,816,,209
Iseltwald,846,,,,,46.7099522,7.972547966,,701,,209
Stallbeizli Heubode,845,,,,,46.6179938,8.0130528,,672,,209
Aare Korean BBQ Restaurant,844,,,,,46.6888951,7.855719,,535,,209
JustIn 入吧,843,,,,,22.6220828,120.2868903,,1033,,207
空腹虫大酒家,842,,,,,22.6249215,120.2823218,,768,,207
BOOKING漫畫咖啡館,841,,,,,22.626562,120.283361,,0,,207
佳品美食,840,,,,,23.2287252,120.3512107,,2813,,206
蘭都觀光工廠OrchidCity,839,,,,,23.2253222,120.3416553,,2668,,206
南元花園休閒農場,838,,,,,23.2400991,120.3785788,,2203,,206
蔦町製菓工坊,837,,,,,23.214308,120.3650458,,1983,,206
西拉雅國家風景區管理處官田遊客中心,836,,,,,23.1884966,120.3354993,,1607,,206
玉井有間冰舖芒果冰,835,,,,,23.1248638,120.4622428,,1478,,206
仙湖休閒農場,834,,,,,23.2659182,120.4823523,,527,,206
沙蝦肉圓,833,,,,,22.4678326,120.4508349,,751,,205
秋月肉粿/飯湯,832,,,,,22.470036,120.450647,,559,,205
佳吉飲料店 烤饅頭,831,,,,,22.4676461,120.450488,,247,,205
東港無名鮮魚湯,830,,,,,22.4658638,120.4492956,,0,,205
ZT Prospects Academy,829,,,,,33.8092918,-117.8969573,,0,,204
香山車站,828,,,,,24.763127,120.913874,,0,,203
星巴克 新竹州圖門市,827,,,,,24.8052148,120.9712339,,697,,202
柴燒窯烤,826,,,,,24.7641995,120.9442002,,577,,202
玲瓏窯玻璃工藝有限公司,825,,,,,24.7493555,120.9077231,,549,,202
台灣纖碧爾酒業股份有限公司,824,,,,,24.753995,120.9103275,,384,,202
南寮陽春麵 ,823,,,,,24.8410065,120.9369898,,249,,201
牛仔油飯,822,,,,,24.8101407,120.9639508,,100,,201
猴狪坑瀑布,821,,,,,24.8434334,121.7820505,,694,,200
皇帝神宮,820,,,,,24.7989439,121.7418264,,650,,200
台化宜蘭廠 龍潭湖,819,,,,,24.7906378,121.7400361,,394,,200
北關海潮公園,818,,,,,24.9125557,121.8776253,,144,,200
阿春麵線糊,817,,,,,24.7989127,120.9695107,,1749,,199
小羅賓的廚房,816,,,,,24.8000941,120.9668601,,1098,,199
原巷口關東煮,815,,,,,24.8030256,120.9693509,,639,,199
好豆味,814,,,,,24.8036808,120.970125,,527,,199
河堤上的貓,813,,,小方塊其實就是白珍珠啊啊啊啊，荔枝綠茶很好喝、很適合夏天,,24.8055769,120.9712412,,330,,199
東門文昌雞飯,812,,,,,24.8043137,120.9698379,,241,,199
玉仁八寶冬粉 1號店,811,,,,,24.8229227,121.771539,,498,,198
山多利大飯店,810,,,,,24.817626,121.7810256,,463,,198
灆咖啡Seaview Coffee,809,,,,,24.9836225,121.9592766,,340,,198
石城車站,808,,,,,24.9783472,121.9454466,,273,,198
福隆舊草嶺隧道,807,,,,,25.0039454,121.9583462,,148,,198
Biolove Cheesecake Cafe 百分百的愛 重乳酪蛋糕專賣店,806,,,,,23.9764435,121.5936622,,996,,197
向日葵手工粉圓,805,,,,,23.9714474,121.5991804,,417,,197
延平街生魚片,804,,,,,23.9845706,121.6015821,,0,,197
滷大夫 爌肉飯,803,,,,,23.9789783,121.5997301,,499,,197
時光旅人,802,,,,,23.9785417,121.6136778,,0,,197
和美生炒花枝,801,,,,,24.1105379,120.4957186,,501,,196
七頭家芋仔冰,800,,,,,24.1471152,120.4867213,,232,,196
石心爌肉飯,799,,,,,24.1472222,120.4872222,,110,,196
Old Leather老皮衣葡萄酒館,798,,,,,25.060897,121.563961,,712,,195
豆花伯傳統豆花,797,,,,,25.0606379,121.563667,,360,,195
PLAIN coffee studio,796,,,,,25.0607293,121.5645487,,488,,195
高雄肉圓 -許,795,,,,,25.0580734,121.5663079,,213,,195
Travis & Emery Music Bookshop,794,,, 1960年就已成立，是音樂迷不能錯過的聖地，店裡堆積了許多與音樂、樂器相關的書籍、樂譜、版畫、相片等,,51.5106971,-0.1278029,,0,,194
屏東戲曲故事館,793,,,,,22.5504518,120.5429595,,997,,193
林記麵食館,792,,,,,22.5505835,120.5441911,,825,,193
潮州摸乳巷,791,,,,,22.5506812,120.5416532,,762,,193
山東麵食館 大陸麵食館,790,,,,,22.5513566,120.5421835,,662,,193
文記肉圓,789,,,,,22.551206,120.5404486,,521,,193
阿祥羊肉,788,,,,,22.5507937,120.539527,,366,,193
春響肉羹,787,,,,,22.5502487,120.538852,,186,,193
Pa Pa Yard 鮮果飲,786,,,,,24.7370614,121.0935344,,719,,192
阿胖豆漿,785,,,,,24.7380096,121.0874306,,150,,192
竹東無名小籠包,784,,,,,24.7218238,121.0965115,,60,,192
金亭早點,783,,,,,24.7779397,121.0783876,,69,,191
關西紅豆餅,782,,,,,24.7925076,121.1768239,,772,,188
關西雞蛋仔,781,,,,,24.7921381,121.1767388,,661,,188
關西牛肉捲餅,780,,,,,24.7919967,121.1771024,,443,,188
來怡客捲餅,779,,,,,24.7920528,121.1768187,,443,,188
關西仙草巷,778,,,,,24.7923998,121.1770092,,227,,188
阿婆麵,777,,,,,0,0,,36,,188
湖南久久鴨脖,776,,,,,24.6998685,121.0569569,,3154,,186
北埔登富茶坊,775,,,,,24.6998428,121.0568885,,2682,,186
劉家莊燜雞,774,,,,,24.8568196,121.1056059,,1823,,186
新竹東門市場米粉攤,773,,,,,24.8051353,120.9688145,,0,,186
百年柴燒柿餅 醫檢師返鄉保留兒時美味,772,,,,,24.840872,121.0776416,,1252,,186
泉威豆花專賣店 中正東店,771,,,,,24.8349167,121.0165319,,1537,,185
龍門臭豆腐 新竹縣竹北市嘉興路155號,770,,,,,24.8166335,121.0264589,,1908,,185
溫家水餃 新竹縣竹北市三民路234號,769,,,,,24.8336641,121.0115466,,844,,185
烤肉小姐便當專賣 新竹縣竹北市三民路317號,768,,,,,24.8334215,121.0115187,,654,,185
Kurashi 暮らし 《 蛋餅 · 鹹粥 ·飯糰 》。新竹縣竹北市嘉興路284號,767,,,,,24.8191128,121.0300371,,224,,185
韓國叔叔 Korea uncle 公館店 台北市中正區羅斯福路四段136巷3號,766,,,,,25.0126231,121.5352839,,1403,,184
水剌韓式料理 光復店 台北市松山區光復南路1號2樓之2,765,,,,,25.0480515,121.558088,,620,,184
韓鶴亭頂好總店 台北市大安區敦化南路一段160巷34號,764,,,,,25.0434821,121.5473194,,468,,184
雪嶽山韓式料理 ,763,,,,,25.058926,121.6149553,,289,,184
菜宅裡的小酒館 The Garden Tapas & Bar ,762,,,,,23.51542208,119.5920705,,243,,183
阿挺海鮮,761,,,,,23.6529878,119.5172432,,513,,183
李克承博士故居 a-moom. 新竹市東區勝利路199號,760,,,,,24.801362,120.964054,,1235,,182
Hidden off 新竹市北區西門街135號,759,,,,,24.8011355,120.9630363,,1127,,182
刀削麵 新竹市東區中華路二段572號,758,,,,,24.7998099,120.9678379,,976,,182
阿惠冰店 新竹市北區光華二街17號,757,,,,,24.8173273,120.9742127,,747,,182
夏一跳早餐店 新竹市北區光華北街21號,756,,,,,24.817754,120.973856,,629,,182
有利脆皮豬-竹北店 新竹縣竹北市竹仁街24號,755,,,,,24.8370541,121.0100184,,546,,182
禾迎蔥燒包. 新竹縣竹北市中正東路388號,754,,,,,24.836857,121.0094296,,428,,182
晨光早餐. 新竹縣竹北市嘉興路386號,753,,,,,24.8221927,121.032732,,264,,182
君品酒店 - 頤宮中餐廳,752,,,,,25.0491485,121.5168698,,0,,181
Taïrroir 態芮,751,,,,,25.08278,121.5591771,,0,,181
JL Studio 現代新加坡料理,750,,,,,24.1504844,120.6285429,,0,,181
Copper Beyond Buffet,749,,,,,13.7795794,100.474841,,0,,180
攀吶攀岩館,748,,,,,24.1441575,120.6944491,,0,,179
松乃鮨 本店,747,,,,,37.0475387,136.9675039,,0,,178
小豪洲沙茶火鍋,746,,,這家其實很有名，蠻好吃的沙茶火鍋，重點是價格很親民～！,,22.9932026,120.1995564,,1556,,177
阿添海產,745,,,鱔魚意麵/110 乾炒鱔魚/180,,22.998038,120.1948797,,1488,,177
嘉展當歸鴨,744,,,雖然叫做當歸鴨，但真心推薦鴨肉羹；滿滿菜頭、湯頭清甜好喝，真的一絕,,22.9981118,120.1946136,,1350,,177
於是麵包,743,,,好吃到靠北～買回家全員稱讚，真的預定吧，不要去碰運氣了,,23.0079452,120.2109204,,1260,,177
壽奶茶,742,,,這家很推，很好喝；不同的茶款真的不同風格，比一般手搖要好不少,,22.9903384,120.1944306,,1222,,177
阿川古早味粉圓冰,741,,,剉冰跟愛玉都好吃，粉圓也特別；講外軟內硬不是沒熟那種，是口感真的有層次，推！,,22.9925343,120.1961028,,1166,,177
西羅黑輪攤,740,,,黑輪還Q的，就很南部的黑輪攤，下港人的關東煮～,,22.9972971,120.1957796,,1106,,177
水仙宮粽葉米糕,739,,,米糕/30 好吃啦，醬料給一大堆，雖然是遠親還是必須推,,22.9965775,120.1984305,,1053,,177
好味土魠魚羹,738,,,這口味完全就是台南中西區日常，但譬如對小羽彤來說真的是各種好吃,,22.9975245,120.198996,,945,,177
聖記軟骨飯,737,,,這個很妙！如果喜歡豬腳那種膠元蛋白的感覺，很推；這家是真的膠，軟骨完全變成膠質、膠爆那種,,22.9955267,120.1962849,,875,,177
四佰萬麵店,736,,,這家太炸了！平凡無奇的外表，結果超級好吃；乾麵是豬油拌麵，真的有夠香，獨樹一格，讚！,,22.99406,120.1948599,,793,,177
順泉冰菓室,735,,,這個一定是在地冰店！很推薦你來，雪淇冰跟芋冰都很妙，冰棒很好吃；芋冰是稱斤的很猛～下次要帶冰箱去買,,22.9994763,120.2014485,,734,,177
泉記米行 狀元糕,734,,,非常非常老派，跟上次桃園創意狀元糕比起來更乾一點，就完全傳統古法老派點心,,22.9910413,120.2003428,,687,,177
夏家魚麵,733,,,是台南中西區很有名的特產，有卓家、夏家兩家，但師出同門，口味有差、但差距不大；兩家都好吃其實,,22.9900386,120.1993154,,602,,177
小餐港事,732,,,在地人推的港式飲茶，這應該就是介紹給台南人的啦，日常約會好去處,,22.9830534,120.1996885,,536,,177
武廟蔡碗粿,731,,,個/35 這個也是台南早餐基本款啦～這家也好吃，森茂、武廟蔡、永樂蔡都是好吃的,,22.9987106,120.2045648,,450,,177
鴨母寮布丁,730,,,附近菜市場布丁就永樂派跟鴨母派，其實都好吃啦，永樂蛋味比較重一點,,22.9989179,120.2042291,,431,,177
劉家汕頭麵,729,,,這個真的厲害了！從來沒在其他地方品嘗過的好味道，自製麵條、調味都上乘之作,,22.9975688,120.195441,,315,,177
海龍肉粽,728,,,還不錯啦，菜粽算是台南早餐經典款，但其實......吃起來都差不多好吃,,22.9994274,120.195331,,180,,177
𩵚魠魚粥、菜粽、肉粽,727,,,好吃！但其實中西區鹹粥吃起來都這樣啦，油蔥香然後高湯泡飯,,22.9978883,120.1944669,,0,,177
李媽媽民族鍋燒老店,726,,,,,22.9972025,120.2042819,,1522,,176
橋壽司,725,,,,,22.9982779,120.2052492,,1284,,176
火伯火雞肉飯,724,,,,,22.9918993,120.2100409,,1108,,176
小波茶飲/波哥,723,,,,,22.9943325,120.1976459,,975,,176
十月甜波士頓派,722,,,,,0,0,,625,,176
老厝1933,721,,,,,22.9903774,120.2104183,,246,,176
阿輝黑輪,720,,,,,22.9753561,120.2111632,,76,,176
阿雪黑輪,719,,,,,22.9388814,120.2569396,,951,,175
上海好味道湯包,718,,,,,22.9915395,120.2262801,,831,,175
恰恰吧蘿蔔糕,717,,,,,22.994378,120.1968858,,730,,175
棠口水煎包,716,,,,,22.9931237,120.2028788,,407,,175
葡吉麵包店,715,,,,,22.9990134,120.203669,,320,,175
金桃家草莓大福,714,,,,,23.0092708,120.2628851,,215,,175
鳳姐鴨肉飯,713,,,,,22.9993697,120.1947498,,65,,175
石村商店,712,,,,,25.0540295,121.5343226,,900,,174
66巷鮮魚料理,711,,,,,25.0526938,121.5344303,,828,,174
My灶,710,,,,,25.0510791,121.5317695,,175,,174
魚心日式料理 ,709,,,饅魚飯,,25.0526437,121.5303249,,0,,174
老麵攤 Kanokwan ,708,,,,,25.0529332,121.5287367,,40,,174
豆花伯傳統豆花,707,,,,,25.0606379,121.563667,,1147,,173
Black Bottle 義大利麵,706,,,,,25.057066,121.564552,,946,,173
好時光披薩本店-民生店,705,,,,,25.0592103,121.5581747,,0,,173
六丁目咖啡,704,,,,,25.0583934,121.560893,,719,,173
好米吉便當專賣,703,,,,,25.0582286,121.5569377,,435,,173
杜家隨意小吃,702,,,,,25.0578358,121.5601549,,531,,173
黑輪担,701,,,,,25.0572689,121.5531377,,143,,173
Bank Station,700,,,,,51.513388,-0.0889145,,0,,172
Frameless Immersive Art Experience,699,,,$25 per person,,51.5137169,-0.1604557,,0,,172
The Garden at 120,698,,,,,51.5121702,-0.0809375,,0,,172
Mercato Metropolitano,697,,,,,51.4984598,-0.0984096,,0,,172
First World Hotel,696,,,,,3.4255624,101.7945541,,0,,171
阿忠豆菜麵,695,,,,,23.3113456,120.3165495,,578,,170
長春街豬頭飯,694,,,,,23.3016125,120.3122952,,428,,170
新營燒餅,693,,,,,23.3050611,120.3138925,,251,,170
和誠塩粿,692,,,,,23.3044988,120.3094745,,87,,170
The Tourist Hotel & Cafe Akihabara,691,,,,,35.700829,139.7770898,,0,,169
華盛頓大學 (University of Washington),690,,,,,47.6546407,-122.3074579,,0,,168
The Crab Pot Seattle,689,,,,,47.606075,-122.3414167,,0,,168
Bacco Cafe,688,,,,,47.6099251,-122.3415442,,0,,168
Juma Amazon Lodge,687,,,,,-3.799462,-59.831943,,0,,167
御茶之水,686,,,,,35.6997175,139.7644404,,0,,166
チェンダスキーレンタル（青達雪具）,685,,,,,36.9375351,138.8074152,,0,,166
野澤溫泉滑雪場,684,,,,,36.9206775,138.4523232,,0,,165
第三間- #土造粗樓,683,,,,,21.9961927,120.7187255,,1044,,164
第二間- #南灣ps生活寓所,682,,,,,21.9682264,120.7589376,,657,,164
第一間- #日日旅海,681,,,,,21.9668247,120.8419843,,132,,164
LES GRANDS BUFFETS - 11100,680,,,,,43.1743825,2.994222,,0,,163
うなぎ竜田,679,,,,,35.1563835,136.8995733,,512,,162
大須觀音寺,678,,,,,35.1596892,136.8994186,,412,,162
Konparu Osu,677,,,,,35.1593993,136.9047181,,203,,162
布袋和尚海鮮屋 屏東縣屏東市民和路33號,676,,,,,22.6692268,120.496402,,1588,,161
民族夜市𩵚魠魚焿 屏東縣屏東市復興路9號,675,,,,,22.6697158,120.4896701,,1438,,161
蔥肉餅 屏東縣屏東市光復路207號,674,,,,,22.6686888,120.4741221,,1364,,161
傘兵旗魚黑輪 屏東縣屏東市光復路207號,673,,,,,22.6686888,120.4741221,,1262,,161
榮豐冰棒城（屏東市） 屏東縣屏東市民族路224號,672,,,,,22.67156,120.4797219,,1122,,161
屏東 正記牛肉湯 屏東縣屏東市龍華路276號,671,,,,,22.6344002,120.480439,,955,,161
Mars 火星早午餐 屏東縣屏東市高豐街53號,670,,,,,22.6757236,120.5021838,,606,,161
大埔松仔腳肉燥粿 屏東縣屏東市柳州街32號,669,,,,,22.671193,120.4814289,,479,,161
阿雲飯湯屏東縣屏東市公成路510號,668,,,,,22.6333459,120.4712665,,257,,161
仙湖休閒農場,667,,,,,23.2659182,120.4823523,,0,,160
眾議漢堡 ｜ THE COMMONS BURGER BAR,666,,,,,24.8200932,121.0234954,,0,,159
小舍河粉,665,,,,,24.820151,121.0233106,,0,,159
烤肉小姐便當專賣,664,,,,,24.8334215,121.0115187,,0,,159
kurashi,663,,,,,24.8191128,121.0300371,,0,,159
科洛馬,662,,,,,38.80032765,-120.8911985,,0,,157
wa'z seattle,661,,,,,47.6180304,-122.3475682,,38,,156
崇義黃昏市場,660,,,,,22.9738894,120.2273349,,0,,155
有種窯烤手作麵包 新北市板橋區中山路二段531巷17弄2號,659,,,,,25.022279,121.4826703,,2344,,154
松柏土虱攤 新北市板橋區松柏街42號,658,,,,,25.0299523,121.475237,,2031,,154
瑰季 手工霜淇淋 Gem Season 新北市板橋區府後街1巷2-1號,657,,,,,25.0107471,121.4592342,,1788,,154
長江號好吃雞肉飯 新北市板橋區長江路三段55號,656,,,,,25.0342692,121.4737909,,1624,,154
游一・YOIBREAD 新北市板橋區三民路二段153巷7弄1號,655,,,,,25.0150917,121.4806235,,1408,,154
Neomeimei轉角幸福烘培屋 新北市板橋區三民路二段150號,654,,,,,25.0150178,121.4788895,,1114,,154
巷子口小吃 新北市板橋區三民路二段154巷13-1號,653,,,,,25.0149136,121.4785368,,1057,,154
阿丁紅豆湯 新北市板橋區三民路二段154巷14號,652,,,,,25.0150064,121.4785598,,953,,154
桂林炸醬麵 新北市板橋區三民路二段70巷17號,651,,,,,25.0171745,121.478676,,773,,154
超好吃早餐店 新北市板橋區懷仁街83號,650,,,,,25.0183862,121.4774372,,597,,154
穀日子 コクのひ 新北市板橋區富山街24號,649,,,,,25.0219025,121.4782535,,528,,154
小貓咪早餐店 新北市板橋區富山街2號,648,,,,,25.0216381,121.4789056,,269,,154
Pike Place Chowder,647,,,,,47.6094243,-122.3412192,,32,,153
RITA出水麓,646,,,,,32.078082,130.361344,,1200,,152
qjiki 玖子貴,645,,,,,31.5840588,130.5418083,,119,,152
鹿兒島屋台村（かごっまふるさと屋台村）,644,,,,,31.5829755,130.5431407,,638,,152
仙巖園,643,,,,,31.618172,130.5786269,,477,,152
さつま路,642,,,鹿兒島黑豬肉,,31.5918095,130.5530806,,320,,152
霧島神宮,641,,,,,31.8187801,130.8367549,,152,,152
豪斯登堡,640,,,,,33.0854679,129.7885406,,1545,,151
九十九島水族館海閃閃,639,,,,,33.1614031,129.679321,,1444,,151
九十九島遊覽船,638,,,,,33.1614031,129.679321,,1360,,151
中洲屋台,637,,,,,33.5903982,130.4082999,,1288,,151
博多運河城,636,,,,,33.5897944,130.4111028,,1264,,151
櫛田神社,635,,,,,33.5929546,130.4104589,,1153,,151
Shikashima Cycle,634,,,,,33.6629838,130.3142582,,1095,,151
福岡志賀島,633,,,,,33.6660347,130.3027856,,1033,,151
熊本屋台村,632,,,,,32.8039537,130.709502,,923,,151
赤牛Dining yoka-yoka,631,,,,,33.58893555,130.4195556,,845,,151
櫻花馬場城彩苑,630,,,,,32.8034256,130.7035984,,812,,151
熊本城,629,,,,,32.8061859,130.7058335,,711,,151
足駄屋,628,,,,,33.3266404,130.9373411,,646,,151
豆田町,627,,,,,33.326596,130.9363801,,594,,151
日田まぶし 千屋,626,,,,,33.3272848,130.937331,,487,,151
日田車站,625,,,,,33.3170211,130.9387325,,446,,151
關門隧道人行道,624,,,,,33.96148933,130.9628042,,363,,151
和布刈神社,623,,,,,33.96092548,130.96226,,292,,151
門司港懷舊區,622,,,,,33.9431488,130.9617938,,274,,151
九州鐵道紀念館,621,,,,,33.9431488,130.9617938,,65,,151
靜觀行館,620,,,,,21.933727,120.823718,,0,,150
稻香軒,619,,,,,25.1277337,121.7531348,,1461,,149
平實豆漿,618,,,,,25.1299361,121.7517974,,1263,,149
周家蔥油餅,617,,,,,25.1312065,121.74572,,1126,,149
海大瑞麟美而美,616,,,,,25.1505804,121.7721406,,1003,,149
北寧早餐店,615,,,,,25.1511123,121.7725476,,1000,,149
昇美早餐屋,614,,,,,25.1276101,121.7371979,,825,,149
基隆五層豬腸湯,613,,,,,25.137901,121.7406608,,685,,149
威克兄弟素食早午餐,612,,,,,25.132734,121.727908,,475,,149
Haoshih 好實老麵饅頭專賣店,611,,,,,25.1252292,121.718855,,459,,149
陳家高麗菜餅,610,,,,,25.1218215,121.7239995,,304,,149
Marufukuro (丸福樓),609,,,,,34.99169,135.7662917,,0,,148
Ascend Steak & Sushi,608,,,,,47.6142129,-122.2007712,,1449,,147
Asadero Ballard,607,,,,,47.6669209,-122.3826803,,368,,147
Sushi Kashiba,606,,,,,47.6099251,-122.3415442,,0,,146
布帳馬車街,605,,,,,37.5694725,126.9920913,,570,,144
Soegojip韓式烤肉,604,,,,,37.5718508,126.9863909,,508,,144
仁寺洞文化街,603,,,,,37.57174127,126.986065,,329,,144
廣藏市場,602,,,,,37.5700398,126.9996036,,65,,144
The George,601,,,,,47.6079914,-122.3338074,,125,,143
老麵店,600,,,,,25.07036508,121.5116433,,403,,142
老牌張豬腳飯,599,,,,,25.0685155,121.5111098,,264,,142
Solo Pizza Napoletana 台北店,598,,,,,25.0703395,121.5197628,,150,,142
Lisa泰式美食,597,,,,,25.0598675,121.518434,,17,,142
由申甲有限公司,596,,,,,24.9561046,121.2401434,,0,,141
Yoseka Stationery,595,,,,,40.7285107,-73.959155,,147,,141
68巷口麵攤,594,,,,,25.0112482,121.5178228,,211,,140
嘟嘟麵食館,593,,,,,25.0354397,121.5347383,,125,,140
Mount Hua Shan,592,,,"Call these steps? The climb to the summit of Mount Hua Shan is one that will test even those hikers with a head for extreme heights and no regard for their own safety. It's not just the numerous steps hewn into the rock that climbers have to contend with, but these 'steps' hammered into narrow and exposed board walks. But don't worry, there's a teahouse at the summit to soothe your frayed nerves.",,34.4778605,110.084789,,0,,138
Great Wall of China,591,,,"The official length of the Great Wall of China is 21,196km. Just along one 42km stretch – the official course of the Great Wall of China marathon – there are 5,164 stone steps. That's a lot of steps.",,40.4319077,116.5703749,,0,,138
Machu Picchu,590,,,"To build this mountain-top citadel, the ancient Incas must have not only been master craftsmen, but incredibly fit also. There are over 100 flights of stairs with over 3,000 steps leading to the site, which sits at 2,400m. In the rarified air, you'll most likely feel close to death – but don't worry, it's been several hundred years since any real human sacrifices took place there.",,-13.2263308,-72.4973215,,0,,138
Sigiriya Rock ,589,,,"Sri Lanka's Sigiriya is an ancient rock fortress where a fifth century king built a palace on the summit and decorated its sides with colourful frescoes. Among the wonders is the Lion Staircase (pictured). The climb is not long, but those steps are steep.",,7.9570327,80.760257,,0,,138
The Niesen Railway,588,,,"The steps that run alongside the Niesen mountain railway in Switzerland are officially the longest stairway in the world. There are 11,674 steps in all, and it's only possible to hike them one day a year during the Niesen Run. It's only 3.4km but there's 1,669m of altitude to climb!",,46.646075,7.652735,,0,,138
San Juan de Gaztelugatxe,587,,,"Fans of Game of Thrones may recognise the steps to this remote 10th century church, which was used as a location in Series 7. According to legend, after climbing all its steps, you're supposed to ring the bell three times and make a wish. Wishing for an elevator to take you back down is not allowed.",,43.44703061,-2.785171661,,0,,138
El Peñón de Guatapé,586,,,"Also known as El Peñol, the Rock of Guatapé was once worshipped by Tahamies Indians. You can pay homage to the 200m high monolith by taking the 740 steps to the top of the uniquely surreal staircase built into the side of the rock.",,6.2236109,-75.178333,,0,,138
Pailon del Diablo waterfall,585,,,"These may not be the longest steps in the world, but they're among the most dramatic. They take you right up close to the Pailon del Diablo (Devil's Cauldron) waterfall. Since the steps are continually getting sprayed, they require some care not to slip on.",,-1.4044668,-78.297827,,0,,138
Half Dome,584,,,,,37.7459187,-119.5331992,,0,,138
奧地利｜薩爾斯堡,583,,,奧地利為了成為環境友善國家付出了許多努力，其目標是提高使用再生能源的比例。「薩爾斯堡」是全國最環保的城市之一，其再生能源使用量佔全國總用量的 70%。此城市坐落在薩爾茲河畔，以其藝術、音樂，以及令人讚嘆的中世紀與巴洛克建築而聞名。由於這座城市的歷史中心擁有豐富的藝術與中世紀建築，也榮獲聯合國教科文組織登錄為世界遺產。這裡有著完善的大眾運輸系統，旅人也可以步行遊覽這座城市，並參加「當地導遊帶領的徒步之旅」，穿梭在鵝卵石街道間，一邊聆聽導遊深入講解相關知識與故事,,47.79819771,13.04269709,,0,,136
Amok sunset restaurant,582,,,,,-8.7056559,115.465524,,0,,136
"Autentik Penida ""Glamping”",581,,,僅限成人入住，擁有寬敞的綠色空間，並設有可欣賞叢林全景的陽台，讓您徹底放鬆。此外，亦提供室外游泳池、當地生態系統和遺產與文化的資訊，還可以隨時安排由當地導遊所帶領的觀光行程及活動。另外也可在附近的艾默克日落餐廳（Amok sunset restaurant）享用日落晚餐。,,-8.7095454,115.4706731,,0,,136
印尼｜珀尼達島,580,,,「珀尼達島」從峇里島搭乘渡輪只需短短船程即可抵達，不僅擁有最令人嚮往的白沙灘，這個熱帶天堂還能帶來更多樂趣。此島嶼的中心地帶設有風力發電機，可產生足以供應全島使用的電力。而島嶼於 2010 年宣佈成為海洋保護區，致力於保護存在於其海岸之下的自然奇觀，對旅遊業採取周詳完善的監管，以「少即是多」的理念接待旅人，讓旅人可以在此體驗最純淨的水域，以及相對未受破壞的海灘。島上也提供許多體驗，Booking.com推薦旅人預訂「浮潛 & 划獨木舟一日遊」，展開一趟充滿樂趣的島嶼低碳之旅。,,-8.73607161,115.5417604,,0,,136
DD Suites Serviced Apartments,579,,,位於市中心，是熱鬧城市一隅的寧靜綠洲。此旅宿的設計靈感源自時尚的北歐風格，全館 100% 使用可再生電力，並為租自行車出遊的旅人提供自行車停放空間。對於決定購買「慕尼黑大眾運輸無限搭乘票券」的旅人而言，前往大眾運輸站也是輕鬆方便。,,48.1060985,11.5378575,,0,,136
皇家啤酒屋 (Hofbräuhaus München),578,,, 16 世紀小酒館－皇家啤酒屋（Hofbräuhaus），這間啤酒廠的經營納入了永續發展措施，包括減少碳排放和殘留廢棄物，以及資源回收,,48.1376098,11.5799253,,0,,136
德國｜慕尼黑,577,,,坐落在伊薩爾河畔，有著令人讚嘆的中世紀建築、美味的啤酒以及永續發展的堅定決心，因此而聞名。多年來，這座城市致力於投入再生能源計畫，目前約有43%的用電來自再生能源。步行或騎自行車都是最佳方式走訪不同景點，一探此歷史中心。旅人也可以造訪慕尼黑知名的 16 世紀小酒館－皇家啤酒屋（Hofbräuhaus），這間啤酒廠的經營納入了永續發展措施，包括減少碳排放和殘留廢棄物，以及資源回收。,,48.13475153,11.57479473,,0,,136
8 on Oregon Boutique Lodge,576,,,距離溫泉池僅數步之遙，可欣賞城鎮的絕美景致。此山林小屋坐落在圓錐山（Conical Hill）山頂，擁有三間寬敞的客房，均附有可欣賞自然遺產森林（Heritage Forest）的陽台。此旅宿致力為旅人提供更永續的旅宿體驗，措施包括使用生態友善產品，以及禁用一次性塑膠製品。,,-42.5150413,172.8284454,,0,,136
紐西蘭｜漢默溫泉,575,,,「漢默溫泉」坐落在高聳的森林之中，這座度假小鎮位於南島的坎特貝里地區（Canterbury），擁有引人入勝的風景與天然溫泉，是遠離城市喧囂的高山避世之所，由於利用地熱能幫助地方環境、採取節水池等措施，其溫泉池曾獲頒永續旅遊獎項，是綠色旅遊的翹楚。眾所周知，溫泉對健康與養生有療癒功效，想親身體驗的旅人可預訂「漢默溫泉池 & SP 門票」，盡情享受源於大自然礦石的熱度及有助舒緩的硫磺池。除了溫泉，旅人也可參加一系列活動，盡情沉浸在漢默的原始自然之美。,,-42.5230749,172.8295379,,0,,136
JW Marriott Charlotte,574,,,坐落在悠閒的非商業區，是裝潢時尚而現代的奢華飯店。客房設有豪華的大面窗戶，可欣賞城市景致，並為旅宿空間引入充裕的自然採光。飯店設有三間餐廳，均供應美味的當地料理，並齊心協力減少食物廢棄物，此外也設有綠樹成蔭的屋頂花園，可欣賞無與倫比的日落景致。,,35.2223858,-80.8481961,,0,,136
Discovery Place Nature museum,573,,,認識原生的植物及野生動植物,,35.188173,-80.843751,,0,,136
美國｜夏洛特,572,,,「夏洛特」作為北卡羅萊納州最大的城市，同時也是美國成長最快的城市之一，期望能在經濟成長與保護自然資源之間取得平衡。發展迅速的皇后之城以綠植栽為都市計畫重點，規劃設置許多壯麗的公園。旅人可以參觀世界級的教育中心－探索廣場自然博物館（Discovery Place Nature museum），在此認識原生的植物及野生動植物，也可以預訂「歷史城市私人之旅」，參觀這座城市最古老的景點，或前往 Asbury 餐廳品嘗其代代傳承以本地食材烹製而成的當地美食，展現對家庭小農產品的支持，讓 83% 的台灣旅人感受真正的在地代表性文化。,,35.21886181,-80.83639572,,0,,136
南非｜史德蘭波希,571,,,「史德蘭波希」這座生氣勃勃的大學城坐落在史德蘭波希山（Stellenbosch Mountain）山腳下，以孕育最佳農產品與葡萄酒的肥沃土壤而聞名。旅人可以沿著史德蘭波希葡萄酒之路（Stellenbosch Wine Routes）一探這個世界級的葡萄酒鄉，這些葡萄酒商家專門以生態友善的生物動力農法生產葡萄酒。而作為對抗氣候變遷的全球永續發展倡議－波多協定（Porto Protocol）的一員，商家們致力推動保護及保育土地的環境措施。對於希望旅遊目的地在自己離開時比到達時變得更好的旅人佔 71%*，可以在此城鎮採取各種永續行動來幫助在地社群。,,-33.93203845,18.86053477,,0,,136
Deux Frères Luxury Villas,570,,,擁有美麗的裝潢與定製的古董家具，隨處以綠色植物裝飾，並設有游泳池，讓旅人在蔓延生長的葡萄藤之間暢泳。Villa內不使用一次性塑膠製品，並設置節水設施，這也是旅宿參與 Booking.com 永續旅遊計劃時所落實的其中一項最重要的措施。Deux Frères不僅生產優質葡萄酒供旅人品嘗，也採用生態友善的生產方法，提供從穀物到酒杯的真正體驗。,,-33.8811054,18.8455144,,0,,136
La Casita del Bosque,569,,,一座閒適恬靜的鄉間別墅，距離充滿活力的門迪瓦卡海灘（Playa de Mendihuaca）僅數步之遙。此旅宿坐落在茂密翠綠的森林中，擁有樸素的木質裝潢和室外淋浴設施，旅人仿如沈浸在熱帶天堂當中。旅人也可以悠閒地躺在吊床上，感受輕拍的海浪，並在享用營養豐富的早餐時，品嘗直接由旅宿花園內採摘的新鮮水果。,,11.28006273,-73.87268061,,0,,136
哥倫比亞｜聖瑪爾塔,568,,,位於哥倫比亞北部世界上最高的沿海山脈之中，「聖瑪爾塔」是一個較少為人知的海濱城市，為美洲最古老的城市之一。這裡不僅有泰羅納國家公園（Tayrona National Park），旅人可以走在森林步道上探索遊覽，還可以逛逛色彩繽紛的聖瑪爾塔市場。旅人也可選購在地伴手禮以支持當地經濟－非常適合希望旅遊時花費可以回饋當地社群的 68% 台灣旅人 *。由於這座海濱城市在幾年前經歷了一場環境危機，自此永續發展就受到密切關注，環境保護協會（Environmental Protection Association）也推行碳污染監控措施，並制定保護此地區的法規。,,11.23514521,-74.19063675,,0,,136
台南,567,,,「台南」致力於發展永續產業以及太陽能，其規模驚人的太陽能田所產的電量，足以供應超過百萬個家庭。於此同時，台南也積極佈署前瞻科技，在智慧城市中佔有一席之地。然而，傳統文化也在這座台灣最古老的城市中持續蓬勃發展，台南擁有根深蒂固的在地飲食文化，同時蘊藏著豐富的歷史，隨處可見古老的寺廟和高掛燈籠的傳統巷弄，旅人可以步行遊覽市區內的景點，也可搭乘便捷的大眾交通前往較遠的沿海地區，這座慢活城市對於想在度假時使用更環保交通方式旅遊的台灣旅人來說非常合適（66%）。,,22.99332484,120.2019424,,0,,136
"Hotel das Cataratas, A Belmond Hotel, Iguassu Falls",566,,,飯店面朝伊瓜蘇國家公園，洋溢迷人優雅的氛圍，色彩繽紛的客房歡迎著旅人的到來。此飯店將一定比例的收入回饋給社區，積極保護周邊環境的自然之美。館內的 Ipê Grill 餐廳供應美味的放養烤雞和滋味豐富的薄餅，入住的旅人可以一邊品味巴西在地佳餚，一邊欣賞壯觀的瀑布景致。,,-25.6841773,-54.4388518,,0,,136
伊瓜蘇Foz do Iguaçu,565,,,"「伊瓜蘇」坐落在巴拉圭、阿根廷與巴西三國的交界，熱愛野生動植物的旅人來到這裡，可以盡情探尋大自然的偉大祕寶。世界上數一數二的大瀑布伊瓜蘇瀑布就位於這座城市，而周圍廣袤的亞熱帶雨林孕育超過 2,000 種植物，是世界七大自然奇觀之一。瀑布對面就是鳥園（Parque das Ares），旅人可以在此生態保護區中了解如何透過保育工作挽救棲地的流失，並一睹雄偉的鳥禽類。若想展開一場畢生難忘的探險之旅，不妨預訂「伊瓜蘇國家公園導覽一日遊」，旅人將可乘船近距離穿梭於數百座瀑布之間，感受這座廣闊而原始的國家公園變幻萬千的景觀。",,-25.51852213,-54.56687622,,0,,136
Castel Fragsburg,564,,,,,46.6375315,11.1914366,,0,,136
梅拉諾Merano,563,,,一座落於多洛米蒂山脈肥沃山谷中的高山小鎮。這裡的度假區提供永續風格的SPA體驗，採用傳統養生療法並使用當地香草，讓旅人享受身心療癒的旅程。小鎮內的街頭小吃也以永續農業為理念，利用在地食材提供多種地方美食。此外，「梅拉諾」除了擁有完善的再生能源運輸系統，也十分適合以健行及騎自行車的方式探索，旅人可以穿梭林蔭大道、造訪山頂的中世紀城堡，或至鄰近的「波札諾」參加「穿越多洛米蒂山的進階自行車之旅」，挑戰登上被聯合國教科文組織列為世界遺產的賽拉山（Sella Massif），飽覽動人心弦的美景。,,46.67107492,11.15690361,,0,,136
4-7休閒魚池餐廳,562,,,,,25.0082517,121.2340216,,0,,135
Hyatt Place Eugene,561,,,,,44.0666268,-123.0778758,,0,,134
Emerald Valley BMX,560,,,,,44.0547886,-123.0650687,,0,,134
teamLab Planets TOKYO,559,,,,,35.6491207,139.7897739,,0,,133
游麵子,558,,,,,22.0579109,121.5647537,,322,,132
奶吸沙,557,,,,,22.0254183,121.5394266,,274,,132
蘭嶼乳頭山步道,556,,,,,22.0627233,121.5685869,,20,,132
Circa Resort & Casino,555,,,,,36.171837,-115.1458384,,0,,131
cup of tea guesthouse,554,,,,,36.1381426,137.2570339,,0,,130
半弓道場,553,,,,,36.14321,137.2564486,,1033,,130
桜ゲストハウス Guest House,552,,,,,36.1357611,137.241475,,335,,130
喫茶 とり珈琲,551,,,,,36.1475764,137.2578989,,470,,130
Courier 咖啡店カフェ クーリエ,550,,,,,36.138741,137.258206,,133,,130
南京路老店麵食館,549,,,,,23.4634604,120.4363856,,0,,129
小鬍子咖啡,548,,,,,22.0022878,120.7444842,,203,,128
田多庫脆皮蚵仔煎,547,,,,,21.9948756,120.7454077,,630,,128
海口港,546,,,,,22.09133034,120.7136732,,409,,128
牡丹水庫,545,,,,,22.13276264,120.7829085,,403,,128
壽卡,544,,,,,22.245245,120.8356857,,0,,128
屏東青年旅創基地,543,,,,,22.094569,120.7497,,290,,128
迷路小章魚,542,,,,,21.9592828,120.766648,,0,,128
小綠舟CAFE BARCA VERDE CAFE （未提供預約服務）,541,,,,,21.9950283,120.7439711,,63,,128
早點之家,540,,,,,21.9980783,120.7447303,,45,,128
馬克斯傅赫尼樸素藝術館,539,,,,,48.8847162,2.3444948,,0,,127
Bowtie High Luxury Apartments,538,,,,,40.40571,-79.910516,,0,,126
JetBlue Park,537,,,,,26.5512581,-81.7618295,,0,,125
Once Upon A Thai Spa (Phrom Phong),536,,,,,13.7281216,100.5720153,,0,,123
Jeh O Chula,535,,,,,13.7424996,100.5225179,,0,,123
美功鐵路市場 (Rom Hup Market),534,,,,,13.4075476,99.9988927,,0,,123
Damnoen Saduak 水上市場,533,,,,,13.5192498,99.9601052,,0,,123
100 Mahaseth Si Phraya,532,,,,,13.7290523,100.5183387,,0,,123
含羞草日記親子樂園-台南民權店,531,,,,,22.994046,120.2063474,,0,,122
瑞岩部落,530,,,,,24.1239503,121.1586606,,0,,121
雙橡園,529,,,,,38.9321117,-77.0630849,,0,,120
康木祥藝術會館,528,,,,,24.4070263,120.7654928,,508,,120
西山溫泉 慶雲館,527,,,,,35.5543499,138.3060726,,0,,119
香港迪士尼樂園,526,,,,,22.3129666,114.0412819,,0,,117
泰昌餅家,525,,,,,22.282594,114.153615,,0,,117
陸羽茶室,524,,,,,22.2822145,114.1555586,,1295,,117
SKYE,523,,,,,22.2814709,114.186411,,0,,117
福樓餐廳,522,,,,,22.9891517,120.1883476,,0,,115
橋上看書bRidge+,521,,,,,22.991957,120.2186275,,0,,114
毛屋,520,,,,,22.9768491,120.16105,,0,,113
餘光．台南漁光島民宿,519,,,,,22.976788,120.1605105,,0,,113
衛屋茶事Sputnik Lab,518,,,,,22.999483,120.2117577,,0,,113
小豪洲沙茶爐中正總店,517,,,,,22.9932026,120.1995564,,1310,,112
旭炒鱔魚,516,,,,,22.9948707,120.1753018,,623,,112
水仙宮三兄弟魚湯店,515,,,當日漁民現捕撈及海釣來的鮮魚,,22.9965899,120.1985186,,0,,112
阿財點心,514,,,,,22.9922891,120.196266,,0,,112
鷲嶺食肆,513,,,鶯料理 或稱「鶯料亭」是臺灣日治時期一間高級料亭，位於臺南市中西區，旁邊有列為古蹟的臺灣首廟天壇與臺南測候所，與臺南州廳相距亦不遠，現僅存殘跡。據當時的媒體報導，鶯料理所提供的是道地的日本料理，甚至是臺灣首席日本料亭。 鶯料理於大正元年11月15日開業，後於大正十三年重新裝修，是當時政商名流交際應酬的場所。,,22.9935803,120.2046838,,0,,112
南埕衖事,512,,,台南景點「南埕衖事」是8層樓冰店，賣冰也不賣冰，賣的是體驗、是感受、是一場饗宴。用一幢走過台灣經濟奇蹟的8層樓建築為載體，以台南巷弄為主題，創造一個對話的場域,,22.9929584,120.2025631,,0,,112
阿魯香腸熟肉,511,,,,,22.9892683,120.1948216,,0,,112
落成米糕,510,,,,,22.9959727,120.2046874,,0,,112
榮盛點心,509,,,,,22.992438,120.1962117,,0,,112
南都石頭燜烤玉米,508,,,,,22.9925928,120.1943685,,2036,,111
小金麵店,507,,,,,22.9948748,120.2038773,,767,,110
南興鱔魚意麵,506,,,,,22.9926466,120.1945684,,650,,110
美都麵店,505,,,,,22.9827253,120.196316,,464,,110
揣茶,504,,,,,23.0011876,120.2042423,,0,,110
真の泉,503,,,,,24.7032498,121.2133736,,0,,109
第八間：ZUPPA,502,,,,,35.7014046,139.7532361,,1103,,108
第七間：麺ダイニングつるしこ ：自由之丘,501,,,,,35.6111124,139.6698442,,974,,108
第六間：KYUSHU JANGARA,500,,,,,35.6696379,139.7033883,,821,,108
第五間：一風堂 LUMINE EST 新宿店,499,,,,,35.6913654,139.7010796,,665,,108
第四間：T’sたんたん,498,,,,,35.6797625,139.7669513,,528,,108
第三間：空之色 Soranoiro NIPPON,497,,,,,35.6802234,139.7680284,,387,,108
第二間：AFURI 阿夫利,496,,,,,35.6730053,139.7038019,,242,,108
第一間：Vegan Ramen UZU ,495,,,,,35.6490661,139.7902416,,41,,108
關西大學,494,,,,,34.7732731,135.5107369,,0,,107
阪急電鉄 正雀車庫,493,,,,,34.7778731,135.547093,,480,,107
扇町公園,492,,,,,34.7051966,135.5094102,,1533,,107
ホテル阪急レスパイア大阪 ,491,,,,,34.7047014,135.4961473,,1423,,107
すしや コトブキツカサ 天満店 ,490,,,,,34.7076767,135.5124764,,1211,,107
LOWECO by JAM 中崎町店 ,489,,,,,34.7069721,135.5015684,,990,,107
総大醤,488,,,,,34.710284,135.507706,,832,,107
きりん寺 関大前店 ,487,,,,,34.7736197,135.5078837,,288,,107
551蓬莱 阪急大阪梅田駅店,486,,,,,34.7052582,135.498307,,53,,107
爆米香,485,,,,,24.0544679,120.434047,,1030,,106
鹿港天后宮,484,,,,,24.0593071,120.4314407,,1176,,106
發記粉粿冰,483,,,,,24.0544283,120.4343291,,974,,106
幸福販賣所 The Happiness Shop,482,,,,,23.9576676,120.5739439,,563,,106
we pizzeria義式餐廳,481,,,,,23.9573125,120.5699233,,468,,106
摸乳巷,480,,,,,24.05171171,120.4321736,,922,,106
順澤宮,479,,,,,23.9966472,120.4748588,,850,,106
黑豬灶爌肉,478,,,,,24.051815,120.436213,,1128,,106
阿讚爌肉,477,,,,,23.9572639,120.4841051,,676,,106
阿和 爌肉,476,,,,,23.9592192,120.5752063,,323,,106
阿宏爌肉,475,,,,,24.0241385,120.5414966,,0,,106
阿珠爌肉,474,,,,,24.0815391,120.5402451,,108,,106
非洲復興紀念碑 (African Renaissance Monument),473,,,,,14.7222092,-17.494954,,661,,105
格雷島 (Gorée),472,,,,,14.66725721,-17.39862153,,275,,105
Marché Sandaga,471,,,,,14.6700662,-17.4376485,,144,,105
小王煮瓜,470,,,,,25.0392186,121.498604,,520,,104
台北萬豪酒店,469,,,,,25.0804515,121.5589435,,535,,104
一甲子控肉飯,468,,,,,25.0404022,121.5021711,,380,,104
五燈獎豬腳飯,467,,,,,25.0634636,121.4973489,,217,,104
今大滷肉飯,466,,,,,25.064409,121.4915464,,17,,104
Teppanyaki Himorogi 鐵板燒,465,,,,,35.6500365,139.9116248,,285,,103
Oedo Onsen Monogatari Urayasu Mangekyo,464,,,大江戶溫泉,,35.6403886,139.9319579,,90,,103
Urayasu Brighton Hotel Tokyo Bay,463,,,"免費Disney接駁, 2022 樂天早餐千葉縣第一名",,35.6499681,139.911631,,60,,103
維多利亞瀑布 (Victoria Falls),462,,,,,-17.9256587,25.8624953,,0,,102
Amager Bakke,461,,,,,55.6848015,12.6201347,,0,,101
馬陵溫泉,460,,,,,24.2295387,121.0567607,,0,,100
恵比寿桜,459,,,,,43.1990523,140.993931,,0,,99
燒肉難民營,458,,,,,23.0032191,120.2047692,,424,,98
榮吉炒牛肉專賣店,457,,,,,23.0080046,120.2065226,,293,,98
溫爸鵝肉,456,,,,,23.0045849,120.2051416,,140,,98
汕頭沙茶意麵,455,,,,,23.0067818,120.2072565,,19,,98
Schwabisch Hall,454,,,,,49.10688561,9.731988831,,0,,97
Coburg,453,,,,,50.26121684,10.9604104,,0,,97
Quedlinburg,452,,,,,51.78763508,11.13765366,,0,,97
Rothenburg,451,,,,,49.37844506,10.18619837,,0,,97
Limburg,450,,,,,50.98518072,5.846947274,,0,,97
Michelstadt,449,,,,,49.67464293,9.002165789,,0,,97
Miltenberg,448,,,,,49.7061535,9.248300991,,0,,97
Dresden,447,,,,,51.04187683,13.73207362,,0,,97
Wernigerode,446,,,,,51.83476069,10.78420862,,0,,97
etowa kasama 露營區,445,,,,,36.2888634,140.2500808,,1064,,96
梅子咖啡廳 WAON,444,,,,,36.3142526,140.5765962,,763,,96
大洗驛,443,,,,,36.3150501,140.5629424,,663,,96
那珂湊魚市場 Nakaminato Fish Market,442,,,,,36.3399345,140.5943848,,498,,96
茨城,441,,,,,36.36141435,140.6159398,,0,,96
heiliggeistkirche heidelberg ,440,,,,,49.4121288,8.7098959,,163,,95
Cafe Extrablatt Heidelberg,439,,,,,49.4107439,8.6986501,,63,,95
Schmelzpunkt Heidelberg 冰淇淋,438,,,,,49.4109615,8.7016274,,623,,95
Leonardo Hotel Amsterdam Rembrandtpark,437,,,,,52.3681227,4.8440078,,155,,94
Manneken Pis Damrak,436,,,薯條+特殊醬,,52.3757469,4.8961704,,568,,94
Green House Centrum Coffeeshop,435,,,大麻蛋糕,,52.3714943,4.8957372,,423,,94
Amsterdam Catacombs Escape Room 密室逃脫,434,,,,,52.3810256,4.8902975,,301,,94
The Pancake Bakery,433,,,,,52.377594,4.886235,,204,,94
Fairbanks Downtown Hostel (Private Rooms),432,,,,,64.8430897,-147.7190268,,264,,93
切納溫泉 (Chena Hot Springs),431,,,,,65.0521674,-146.0510546,,646,,93
登波咖啡,430,,,,,25.0558039,121.5203751,,309,,92
家園江浙小館,429,,,,,25.0281944,121.5220794,,608,,92
春日山 野菜弁当【純素/Vegan】,428,,,,,0,0,,825,,91
2060太空吧【奶素/純素/Vegan】,427,,,,,22.9937376,120.2223731,,742,,91
憨吉胖【純素/Vegan】,426,,,,,23.0006864,120.2002181,,665,,91
SOi【純素/Vegan】,425,,,,,22.9848972,120.2454136,,588,,91
漫步維根【純素/Vegan】,424,,,,,22.9838654,120.2044382,,496,,91
夏夫小農【五辛/蛋素/純素/Vegan】,423,,,,,22.6703981,120.292597,,410,,91
溫記手作麵【蛋素/純素/Vegan】,422,,,,,22.9832543,120.1844809,,340,,91
南方安逸【五辛/奶蛋/純素/Vegan】,421,,,,,22.9981634,120.1952603,,240,,91
中華太郎拉麵【純素/Vegan】,420,,,,,22.9943769,120.2001012,,148,,91
老爹蔬食 X 拾參珈琲【純素/Vegan】,419,,,翻玩懷舊小吃，推荐！,,23.0391947,120.1867752,,41,,91
池先生 Kopitiam,418,,,,,25.015976,121.5317859,,300,,90
銀兔湯咖喱,417,,,,,25.0424959,121.5628433,,180,,90
佐藤咖哩 Sato Curry,416,,,,,25.0219762,121.5543695,,30,,90
峰鮨（峰壽司仁愛市場店）,415,,,,,25.1276616,121.7418027,,431,,89
漁人手作壽司,414,,,,,25.1280253,121.7411244,,280,,89
吳姳麵館,413,,,,,25.127639,121.741991,,166,,89
鈺刺身丼,412,,,,,25.1281725,121.7408635,,16,,89
kirkham hot springs,411,,,,,44.07273613,-115.5452859,,934,,88
Shoshone Falls Park,410,,,,,42.5937,-114.401,,826,,88
Elevation 486,409,,,,,42.5977481,-114.477446,,474,,88
第一鰻波工坊,408,,,,,23.5973651,120.190128,,0,,87
Wicked Spoon,407,,,,,36.1096173,-115.1743721,,190,,86
篝 銀座 本店,406,,,,,35.6712629,139.7613911,,558,,85
花大根,405,,,,,35.6707166,139.7630363,,507,,85
nikuazabu ebisu,404,,,,,35.6460985,139.7091236,,414,,85
kinka sushi bar izakaya shibuya,403,,,,,35.6625123,139.6987412,,395,,85
tsurutontan shibuya,402,,,,,35.6584466,139.7021636,,214,,85
間人火鍋 代官山,401,,,,,35.6515029,139.7024801,,0,,85
神樂坂 茶寮 本店,400,,,,,35.7020637,139.741111,,371,,84
篝 銀座 本店,399,,,,,35.6712629,139.7613911,,89,,84
老皮牛肉麵,398,,,,,24.8720442,120.9994935,,2543,,83
藍氣球咖啡Blue Balloon Cafe,397,,,,,24.8286975,121.0102772,,2168,,83
戽斗魯肉飯,396,,,,,24.8077012,120.9631905,,1795,,83
EPISODE 新竹伊普索酒店,395,,,,,24.7988451,121.0055751,,991,,83
豆發商行 dofa,394,,,,,24.7997786,120.9863945,,593,,83
韋爐復刻食鍋,393,,,,,24.8023342,120.9907791,,0,,83
奧武島,392,,,,,26.12970624,127.773356,,2280,,82
Doucatty,391,,,,,26.1704253,127.7741293,,1731,,82
玉城食堂,390,,,,,26.1369275,127.7825211,,1269,,82
山之茶屋・樂水,389,,,,,26.1345894,127.7836441,,806,,82
濱邊茶屋,388,,,,,26.1335308,127.7846459,,780,,82
百名伽藍,387,,,一晚10萬海景飯店,,26.1328317,127.7852972,,177,,82
無一物海產粥 ,386,,,,,25.0310155,121.5272319,,670,,81
好公道金雞園 ,385,,,,,25.0307482,121.5294531,,518,,81
政江號 ,384,,,,,25.030642,121.526842,,449,,81
饃饃噠心動肉夾饃-台北永康店 ,383,,,,,25.0332104,121.5273258,,251,,81
東門赤肉羹 ,382,,,,,25.0353469,121.5279156,,62,,81
Heavenly Mountain Resort - California Lodge,381,,,,,38.9349226,-119.9402777,,0,,80
華興滷肉飯,380,,,,,24.8384161,121.0011084,,0,,79
娘家東山鴨頭,379,,,,,24.8230855,121.0265572,,0,,79
老范放山雞,378,,,,,24.837071,121.0038505,,0,,79
小飛俠麵線,377,,,,,24.8414199,121.0062286,,0,,79
溫家水餃,376,,,,,24.8336641,121.0115466,,780,,79
豬一十五,375,,,,,24.8164356,121.0265436,,0,,79
幽靈馬車小吃店,374,,,,,24.8338491,121.0124305,,908,,79
哈甜豬 Honey Piggy,373,,,,,24.8404788,121.0012293,,797,,79
文化城牛肉麵,372,,,牛肉鐵板飯很讚，值得一試,,24.8320465,121.010025,,526,,79
真好吃麵線,371,,,,,24.8648437,120.9914927,,0,,79
愛妃爾果汁吧,370,,,,,24.8233443,121.0331147,,397,,79
黑皮驊魯肉飯 HAPPY-HWA,369,,,,,24.8164795,121.0267337,,212,,79
竹北皇膳湯包,368,,,,,24.815397,121.0208969,,77,,79
山田の鰻 飯田橋,367,,,,,35.7012766,139.7462292,,0,,78
蔥大爺餅舖,366,,,,,24.7986229,120.9973933,,685,,77
無名陽春麵,365,,,,,24.8410065,120.9369898,,609,,77
双星甜不辣,364,,,,,24.8038889,120.9694444,,517,,77
金佳臭豆腐,363,,,,,24.802482,120.9623624,,452,,77
上海鮮肉包,362,,,,,24.8208604,120.9739822,,411,,77
松竹梅壽司,361,,,,,24.8076048,120.9673771,,252,,77
鷹王肉圓,360,,,,,24.8085208,120.9337525,,107,,77
戽斗魯肉飯,359,,,,,24.8077012,120.9631905,,0,,77
Alpe d'Huez,358,,,,,45.0906281,6.0649402,,0,,75
Silvretta Montafon,357,,,世界上最长的滑雪隧道,,47.0788439,9.921714,,0,,74
海鮮バイキング難陀(NANDA),356,,,,,43.0545033,141.3560147,,0,,73
安西夜市,355,,,,,23.164853,120.167561,,0,,72
德鱔堂鱔魚意麵,354,,,,,23.1644444,120.175,,874,,72
阿彌臭豆腐,353,,,,,23.1584296,120.1770307,,762,,72
蕭壠文化園區,352,,,,,23.173175,120.1791861,,310,,72
佛都愛玉,351,,,,,23.1504286,120.1734891,,224,,72
順福土產牛肉湯,350,,,,,23.1613661,120.1784397,,0,,72
Sea Ranch St. Orres小木屋,349,,,,,38.7922264,-123.5616871,,0,,71
San Martin Windsor Family Farm,348,,,,,37.0873989,-121.5710076,,0,,71
St O2rres小木屋,347,,,,,39.79210933,-123.5616871,,0,,undefined
St Orres小木屋,346,,,,,38.79210933,-123.5616871,,0,,undefined
Stonemill Matcha,345,,,主食、甜點、飲料質感都很讚,,37.7639681,-122.4216256,,0,,69
小滿 Riceburrito (Xiaoman Rice burrito),344,,,,,37.352959,-121.9870995,,0,,69
Joyheart Cafe,343,,,南灣素食餐廳，用餐環境舒適宜人，推薦三杯杏鮑菇飯、沙茶素腰花和五彩拌麵。,,37.3877401,-121.9000267,,0,,69
Orange Square,342,,,南灣台式精緻便當店，每週三雞腿飯特價，CP值高。每一道餐點表現都在水準之上。,,37.3400265,-121.9728399,,0,,69
Wildseed,341,,,,,37.4382288,-122.1587727,,0,,69
Sweet Maple,340,,,網紅早午餐餐廳，融合亞洲式的料理方式到西方料理之中，環境怡人，週末需排隊。(Palo Alto & Cupertino),,37.443997,-122.162979,,0,,69
El-Castillito,339,,,舊金山最好吃的Mission style burrito沒有之一，道地的墨西哥風味，百吃不膩，環境隨性無廁所（可使用對面超市洗手間）,,37.7687639,-122.4293081,,0,,69
Telefèric Barcelona,338,,,南灣西班牙tapas餐廳，推薦西班牙海鮮燉飯和烤章魚，環境時尚慵懶，建議事先訂位,,37.4383765,-122.1583028,,0,,69
Stonemill Matcha,337,,,掀起灣區抹茶風潮的日本cafe餐廳，店主Eijiro Tsukada不惜成本引進京都高品質的石磨抹茶，推薦抹茶鮭魚泡飯，拌入抹茶的湯汁鮮香清甜，帶著一絲清新的苦澀，和肥嫩的鮭魚相得益彰。日式炸豬排三明治(Katsu Sando) 也表現不俗，炸豬排酥脆juicy，醬料濃度拿捏得宜；最大亮點是日本主廚Mikiko Yui親自製作的牛奶吐司，鬆軟順口，一下子就嗑完一整份三明治了。麵包部分一定要試試抹茶可頌，是特地跟舊金山烘培名店Tartine Manufactory合作的，強強聯手，品質不在話下。,,37.7639681,-122.4216256,,0,,69
Daruma Kiosk,336,,,隱身於Berkeley酒館Broc Cellars的時髦家常日式小食Pop Up，主廚是日本人，曾在舊金山知名餐廳工作。有原味章魚、素食章魚燒、Pulled Pork章魚燒和五花肉飯糰。五花肉飯糰是一絕，必點！！！！馥郁鮮美的肉片烤得金黃，和飯糰融合得不分彼此，吃不出到底是五花肉，還是烤得微脆的飯糰，總之非常銷魂。,,37.8789226,-122.3026715,,0,,69
Fern Bar,335,,,位於北灣Sebastopol的時尚新美式餐廳，由知名餐廳 Handline 的老闆創辦，結合米其林三星 The Restaurant at Meadowood 的調酒經理，是一家擁有精緻創意調酒的可口餐廳。採用當季灣區食材，佐以創意料理與擺盤手法，搭配綠意盎然用餐口間，是我在灣區最想再訪的餐廳之一。,,38.4034596,-122.8213351,,0,,69
Foreign Cinema,334,,,舊金山可欣賞戶外電影的餐廳，新美式料理，食材新鮮，擺盤精美，服務到位，建議事先訂位。,,37.7564917,-122.4191194,,0,,69
KARMAKAMET DINER,333,,,香到一個亂七八糟啊，很微妙的是餐飲有點小貴，比起來香氛產品反而還好；很值得買來送人～有各種產品可以選擇、氣味的分類也很多餐廳很漂亮～很小漂亮的一家店；可以狠狠打卡的那種,,13.72906367,100.5679756,,911,,68
建興酒家,332,,,非常有名的中式海鮮餐廳，咖哩炒蟹確實好吃；溫和又帶香我們點了滿滿一桌菜，大概3000泰銖左右在泰國消費算比較略略高，但跟台灣同等級的餐廳對比真的也還好、也算便宜好吃了,,13.74514547,100.523898,,751,,68
臥佛寺,331,,,,,13.7466078,100.4931179,,425,,68
泰興利,330,,,這家！強！超強！根本宇宙最強炒飯！好吃到爆炸，大概是頻道第一次一直吃一直點；結果竟然才750泰銖，佛心又好吃；去中國城真的值得一試；不過婆婆只有一鍋，所以速度會慢一點～,,13.7442353,100.4969488,,170,,68
Jodd Fairs 喬德夜市,329,,, 根據旅泰友人說，這個夜市比較網美型、是新的觀光夜市；真的年輕人很多，東西也都是浮誇路線，巨大的排骨、巨大的炒海鮮；就是還是吃到一家真的不怎麼樣的(沒有皮蛋可以救場了),,13.7569344,100.5667386,,1280,,67
恰圖恰,328,,,大！巨大！你來這裡，一定要給自己壓力！千萬不要放任；不然你的錢會花光！太好逛，我們甚至沒有走進去，只是從JJMALL走到捷運站,,13.79953451,100.5491315,,1047,,67
水門市場,327,,,水門市場非常好買，男生的衣服雖說風格差異較不大，但其實也有很多特別的東西，都很平價(仿冒品似乎也不少)；真的是個可以大採購的地方，但品質也不均、有些車線看著像是手縫的,,13.75028473,100.5393816,,798,,67
暹邏百麗宮,326,,,就是百貨公司......地下有超大的水族館，但因為票價跟行程的安排問題；我們就沒去逛了；美食街看起來真的都算普通......麵包也還好(又是皮蛋救場),,13.7462411,100.5347402,,677,,67
BARTELS Sukhumvit,325,,,這家早餐......整個嬉皮到爆炸；完全健康派，東西其實是天然好吃的，但我們不是去曼谷尋求健康的啊啊啊啊；還好帶皮蛋醬、真的救了這一餐XD 太健康了啦,,13.72662581,100.5743976,,444,,67
NT Place Sukhumvit Suites,324,,,飯店的機場接送是1500泰銖，一般台灣預定會在1200台幣左右其實差不多；但飯店提供的車子好豪華啊當晚旅泰有人來找我們，說我們住的地方是泰國外國人的集中區域，治安也特別好，警察巡的比較勤 房間很大、客廳很大、還有洗衣間；整個大推！而且價格很划算～～我們遇到行憲紀念日3天連假，房價還是很划算,,13.72236798,100.5752427,,328,,67
哈囉炸醬麵,323,,,,,24.8155381,120.9568,,538,,66
新竹利利號 肉鬆/肉乾,322,,,,,24.8055307,120.9699385,,353,,66
Aroma Pastry 亞蘿蔓洋菓子,321,,,,,24.8050328,120.9699814,,319,,66
阿惠冰店,320,,,,,24.8173273,120.9742127,,748,,66
高北牛乳大王,319,,,,,24.8036633,120.9696193,,373,,66
錦華劉家魚丸,318,,,,,24.8107051,120.9706866,,415,,66
老店薑母雞,317,,,,,24.8062058,120.9590554,,593,,66
徐記蔥油餅福州包,316,,,,,24.8176133,120.9642149,,495,,66
長城小館,315,,,,,24.806578,120.983507,,240,,66
八二親食,314,,,,,24.8088154,120.9755606,,117,,66
北港蔡家筒仔米糕(評價2300+),313,,,,,22.6319185,120.2850047,,789,,65
天池冬瓜茶過門不入,312,,,,,22.6238458,120.285406,,775,,65
阿英排骨飯(評價1000+),311,,,,,22.6281945,120.2838721,,628,,65
双妃奶茶(評價1600+),310,,,,,,,,562,,65
樺達奶茶(評價2600+),309,,,,,22.6236461,120.2858037,,522,,65
郭家肉粽(評價11000+),308,,,,,22.6316231,120.2842931,,337,,65
香茗茶行(評價800+),307,,,,,0,0,,288,,65
鴨肉珍(評價5000+),306,,,,,22.6249317,120.2811655,,156,,65
富維耶聖母院,305,,,,,45.7622928,4.822626,,67,,64
Bulle - Restaurant de Fourvière - Guy Lassausaie,304,,,,,45.7618548,4.8226127,,0,,64
"同．居 With Inn HosteL, Kaohsiung 高雄合法民宿｜青年旅館",303,,,,,22.62407,120.302367,,0,,62
老江紅茶牛奶,302,,,,,22.6311182,120.300211,,1190,,61
貝殼窩港都青年旅舍,301,,,,,22.6223414,120.3015618,,1097,,61
新咖哩,300,,,,,22.6192329,120.2835911,,824,,61
修善寺,299,,,,,34.97464407,138.8974681,,1576,,60
古民家レストラン 西伊豆LOQUAT ,298,,,,,34.91359814,138.7907912,,1345,,60
恋人岬　,297,,,,,34.86757162,138.755409,,0,,60
土肥桜祭り ,296,,,,,0,0,,1282,,60
湯ヶ島たつた ,295,,,旅館,,34.88824823,138.9279492,,661,,60
伊豆パノラマパーク ,294,,,纜車,,35.02658768,138.9283209,,480,,60
明太子 めんたいパーク ,293,,,明太子觀光工廠,,35.07490035,138.9260495,,467,,60
うなぎ 桜家 ,292,,,No.1鰻魚飯,,35.11879726,138.9119562,,279,,60
三島スカイウォーク Sky walk,291,,,,,35.15167183,138.9806959,,118,,60
三嶋大社 ,290,,,,,35.1218399,138.9189166,,51,,60
洲好記龍鬚糖,289,,,,,22.6925005,120.3339959,,1036,,59
福米cafe ,288,,,,,22.9854291,120.1977478,,686,,59
金桃家草莓大福 ,287,,,,,23.0092708,120.2628851,,462,,59
autumn舒芙蕾 ,286,,,,,22.9936136,120.2010758,,222,,59
冰鄉 ,285,,,,,22.9942309,120.2002455,,64,,59
暖暮拉麵,284,,,,,33.5931698,130.405728,,798,,58
大砲拉麵,283,,,,,33.5872383,130.4003656,,632,,58
ShinShin拉麵,282,,,,,33.5927497,130.3968446,,471,,58
博多一幸舍,281,,,,,33.5882823,130.4170673,,224,,58
博多一双拉麵,280,,,,,33.58639588,130.4250784,,55,,58
台南林無刺虱目魚,279,,,,,25.0726129,121.4897359,,0,,57
Burger In New York,278,,,,,35.1609342,129.1646901,,0,,56
BANDAI NAMCO Cross Store 博多,277,,,,,33.5884979,130.4107175,,850,,54
THE BASICS FUKUOKA,276,,,圖書館Hotel,,33.5890783,130.4268238,,495,,54
lyf 天神福岡飯店,275,,,,,33.5847994,130.4002695,,760,,54
須崎河畔酒店,274,,,,,33.5967646,130.4020888,,651,,54
BUNSHODO HOTEL,273,,,,,33.5911582,130.4152606,,571,,54
眼鏡咖啡與蒸餾酒（珈琲と蒸溜酒 メガネコーヒー&スピリッツ,272,,,,,33.5931715,130.4007243,,677,,54
鬼滅之刃動漫聖地：寶滿宮竈門神社,271,,,,,33.5288381,130.5525313,,313,,54
INN THE PARK 福岡,270,,,,,33.6682421,130.375392,,220,,54
日本最「美式」的地區－西戶崎,269,,,,,33.650366,130.3581609,,166,,54
海之中道海浜公園THE SEA DRAGOON,268,,,,,33.65866133,130.3542949,,125,,54
紅蘭亭 下通本店,267,,,,,32.80165,130.7091361,,0,,53
溫泉旅館 わかば,266,,,,,33.076555,131.1429949,,0,,53
夫妻瀑布,265,,,,,33.0844776,131.1139582,,541,,53
THE SHILLA Seoul,264,,,,,37.5559034,127.0052509,,126,,52
住牙,263,,,,,22.6324336,120.3052985,,282,,46
taiwan,262,,,,,22.66129288,120.285387,,1,,51
japan,261,,,,,32.3778344,131.6303993,,10,,51
大御神社,260,,,,,32.4110516,131.6493415,,465,,50
小倉濱海灘,259,,,,,32.37840905,131.6319771,,377,,50
日向市歴史民俗資料館,258,,,,,32.3367603,131.6125841,,210,,50
松山城,257,,,,,33.8455768,132.7655346,,1611,,49
fruits parlor mishima,256,,,,,33.8405399,132.7702733,,1522,,49
少爺機關鐘,255,,,,,33.85076463,132.7854258,,1467,,49
道後雑貨店・歩音(あるね),254,,,,,33.85072118,132.7877512,,1426,,49
圓滿寺,253,,,,,33.85206329,132.7875548,,1352,,49
道後麥酒館,252,,,,,33.85233538,132.7862049,,1264,,49
えひめ果実倶楽部みかんの木,251,,,,,33.85202519,132.7855334,,1200,,49
道後飛島乃湯,250,,,,,33.8524067,132.7848007,,930,,49
愛媛網元海鮮居酒屋,249,,,,,33.83378213,132.7580775,,675,,49
津輕五所川原站,248,,,,,40.808915,140.4477742,,1230,,48
安比高原滑雪場,247,,,,,40.0022571,140.9705409,,395,,48
 最上食文化伝承館・手打生蕎麦「芭蕉庵」,246,,,,,38.73787595,140.1499316,,1369,,48
立體睡魔燈籠館 立佞武多の館,245,,,,,40.8109502,140.4433349,,1571,,48
A-FACTORY,244,,,,,40.8299965,140.7349272,,666,,48
秀壽司 青森 Hide Zushi,243,,,,,40.8250436,140.7574499,,0,,48
波多 萊羅書店,242,,,波多萊羅書店（Livraria Lello）是位於葡萄牙波多市中心的一家著名書店，是波多市最受歡迎和最具代表性的旅遊景點之一。萊羅書店建於1906年，其建築風格融合了新哥特式和新藝術運動風格，是一個充滿藝術氣息和文化魅力的建築。 萊羅書店的內部裝潢豪華，天花板裝飾著華麗的繪畫，書架上擺滿了各種書籍，包括許多葡萄牙語和英語的書籍。書店的特色之一是它的雕刻木製樓梯，被認為是世界上最美麗的書店之一。萊羅書店也是哈利·波特系列小說作者J·K·羅琳的靈感來源之一，她曾經在書店參觀和購買過書籍。 波多萊羅書店是葡萄牙最著名的書店之一，吸引了來自世界各地的遊客前來參觀和購物。由於其知名度和人氣，遊客需要購買門票才能進入書店參觀。,,41.1469055,-8.6147746,,1401,,47
教士塔Clerigos Church and Tower,241,,,,,41.1458838,-8.6139451,,1388,,47
路易一世大橋Ponte Luís I,240,,,,,41.1399589,-8.6094485,,1171,,47
波爾圖主教座堂,239,,,,,41.1428531,-8.6111165,,1149,,47
波多 聖本篤車站São Bento Station,238,,,該車站建於20世紀初期，由著名葡萄牙建築師José Marques da Silva設計，其建築風格結合了文藝復興和貝爾·愛普克式建築風格。 車站的主要特色是它的牆壁上鑲嵌著超過2萬塊手繪藍色瓷磚，展示了葡萄牙歷史和文化的故事和場景。這些瓷磚是由著名葡萄牙畫家Jorge Colaço在20世紀初期手工繪製的，被譽為是葡萄牙最重要的藝術珍品之一。 波多的聖本篤車站是著名的旅遊景點，吸引了來自世界各地的遊客前來參觀。此外，該車站也是波多市中心的主要交通樞紐之一，連接了葡萄牙各地以及西班牙的鐵路網絡。,,41.1456657,-8.6105306,,1000,,47
linguica sausage 燻肉腸,237,,,譯自英文-Linguiça或lingüiça是一種葡萄牙香腸，由豬肉製成，並用洋蔥，大蒜，辣椒粉和其他香料調味。可以在製備後新鮮食用，也可以通過抽煙進行醃製和保存。 ,,0,0,,0,,47
葡式三明治francesinha,236,,,,,41.15593936,-8.618005438,,0,,47
魚&吉（休假時間以臉書ig 為主）,235,,,,,22.6314921,120.3089015,,0,,46
新千歲機場,234,,,,,42.7821844,141.6890474,,0,,45
Club Med Kiroro Peak,233,,,,,43.0676004,140.9889803,,0,,45
Wassu,232,,,,,13.69010457,-14.88039395,,0,,44
Janjanbureh,231,,,,,13.53532023,-14.76626871,,0,,44
Makasutu,230,,,,,13.310556,-16.616111,,0,,44
小蝌蚪起司餅,229,,,,,22.3521308,120.3839363,,743,,43
老李蔥油餅,228,,,,,22.3530939,120.3815288,,705,,43
861dayday(海龜燒),227,,,,,22.3527013,120.3809098,,681,,43
海島女巫,226,,,,,22.3416543,120.3642673,,581,,43
龍鑽手工麻花捲,225,,,,,22.3390185,120.3702344,,526,,43
天台角冰店,224,,,,,22.3312368,120.3585981,,506,,43
小本愛玉,223,,,,,22.3280677,120.358626,,432,,43
社區麵店,222,,,,,22.3442305,120.3676035,,336,,43
禾豐手撕魷魚,221,,,,,22.3526037,120.3823362,,283,,43
堤香茶坊,220,,,,,22.3524438,120.3820345,,250,,43
阿婆粉圓、柴燒粉粿,219,,,,,22.3506628,120.3810196,,209,,43
古早味早餐,218,,,,,22.3513458,120.3802319,,131,,43
小琉球脆皮蛋餅,217,,,,,22.3372234,120.3690855,,85,,43
洪媽媽早餐店,216,,,,,22.3353315,120.3714701,,23,,43
白日夢民宿,215,,,,,22.342658,120.3694273,,103,,42
眺咖啡,214,,,,,22.3374026,120.3670948,,936,,42
getaway 小琉球好地方,213,,,,,22.34194476,120.3845117,,380,,42
暖暮拉麵,212,,,,,26.2178994,127.6873594,,138,,41
自由黃昏市場,211,,,,,22.6737605,120.3115235,,0,,40
有香 台灣餐廳Memory Corner ,210,,,,,49.1791983,-123.1249191,,0,,39
"Central Athens ""Varvakios"" Markets",209,,,,,37.9804286,23.7276638,,2303,,38
衛城博物館,208,,,,,37.9684499,23.7285227,,2008,,38
Propylaea (大門的意思),207,,,,,37.9717042,23.7251754,,1537,,38
希羅德·阿提庫斯劇場 (Odeon of Herodes Atticus),206,,,,,37.9707948,23.7245831,,1453,,38
雅典衛城 (Acropolis of Athens),205,,,Acropolis 在高處的城市,,37.9715323,23.7257492,,1247,,38
Bairaktaris Central ,204,,,披塔：捲餅包雞肉或牛肉、洋蔥、蕃茄、薯條、酸奶沙拉,,37.9763655,23.7262755,,807,,38
哈德良圖書館 (Hadrian's Library),203,,,,,37.9755021,23.7260304,,623,,38
逛街,202,,,,,37.9767153,23.72599393,,503,,38
Syntagma metro station,201,,,憲法廣場地鐵站，可以到大部份雅典市區景點,,37.9745068,23.7352651,,314,,38
Candia Hotel,200,,,,,37.9891882,23.7202884,,209,,38
Athens International Airport,199,,,,,37.9356467,23.9484156,,0,,38
Efcharis restaurant,198,,,炸起司,,37.9756659,23.7254964,,645,,37
雅典衛城,197,,,,,37.97149474,23.72581903,,0,,37
古雅典阿哥拉,196,,,,,37.97587235,23.72318871,,586,,37
LUKUMAΔΕΣ 炸甜甜圈,195,,,,,37.97699798,23.72759807,,539,,37
憲法廣場 Syntagma Square,194,,,,,37.9755,23.7348701,,495,,37
Fresko Yogurt Bar Acropoli,193,,,,,37.9694734,23.7310658,,392,,37
Monastiraki Flea Market,192,,,,,37.9762154,23.7254916,,226,,37
IceRoll,191,,,,,37.9768544,23.7263274,,182,,37
Athens Psiri Hotel,190,,,一晚48 EURO,,37.9812506,23.7263772,,13,,37
Karamanlidika ,189,,,,,37.9801355,23.7256565,,25,,37
空也素麵,188,,,,,24.1636509,120.6349528,,1742,,36
禪風茶樓 Zen Tea Restaurant,187,,,,,25.0563116,121.5329008,,1737,,36
生地餅舖,186,,,,,24.807098,120.9651948,,1558,,36
東門市場4.8坪,185,,,,,24.8048675,120.9685496,,1121,,36
COVER CAFE,184,,,,,24.80239,120.9673546,,854,,36
真珠台灣佳味JIN-ZHU,183,,,,,24.8188908,121.0271594,,84,,36
Keio Plaza Hotel,182,,,,,43.0665077,141.3453335,,838,,35
直営 千歳鶴,181,,,,,43.054644,141.354174,,357,,35
OMO3 札幌薄野 by 星野集團,180,,,,,43.0541212,141.3496055,,0,,35
救贖山 (Salvation Mountain),179,,,,,33.2541993,-115.4726435,,0,,34
斯拉布城,178,,,,,33.2579698,-115.4623352,,0,,34
北大行小籠包,177,,,,,25.0359737,121.5577708,,669,,33
燈塔美式酒館 / The Lighthouse Bar & Grill,176,,,,,22.6647222,120.3066667,,0,,32
野宮神社,175,,,,,35.0178185,135.6742746,,4949,,31
御髮神社,174,,,,,35.0176511,135.6697398,,4626,,31
京都嵯峨野 竹取茶屋 総本家,173,,,,,35.0171457,135.6702451,,4337,,31
嵐山站,172,,,,,35.017128,135.6702817,,4231,,31
龜岡小火車站,171,,,,,35.0131661,135.6067627,,4025,,31
日清杯麵博物館 大阪池田（安藤百福發明紀念館）,170,,,,,34.8181084,135.4267016,,3383,,31
阿倍野harukas,169,,,,,34.6460706,135.5134771,,3071,,31
箱根湯麻糬本鋪,168,,,,,35.2315531,139.1007056,,2675,,31
Jokamachi Pudding Main Store,167,,,,,35.2317345,139.1018402,,2567,,31
Mitsuki (デリ and カフェ みつき),166,,,,,35.2324191,139.1031242,,2474,,31
Hakone Teramisu,165,,,,,35.2327222,139.1034927,,2300,,31
箱根湯本商店街,164,,,,,35.23337761,139.1039203,,2253,,31
豐明神宮,163,,,,,35.25204305,139.0509017,,1884,,31
孫三総本家･花詩,162,,,,,35.252086,139.051137,,1936,,31
Parfait de Merrily（パルフェドメリリー）,161,,,,,34.6766057,135.4979247,,1383,,31
露天神社,160,,,,,34.6992683,135.5007629,,0,,31
武雄神社,159,,,,,33.1881294,130.0209037,,756,,31
Aye Taipei Bar & Restaurant,158,,,,,25.0516279,121.5247384,,0,,30
胡志明陵寢 (Ho Chi Minh's Mausoleum),157,,,,,21.0368973,105.8346667,,480,,29
河內歌劇院,156,,,,,21.0241924,105.8577451,,478,,29
st. joseph's cathedral hanoi,155,,,,,21.0287459,105.8489826,,102,,29
還劍郡 (Hoàn Kiếm),154,,,,,21.02902901,105.8533771,,93,,29
8pm Eat Cha Ca (Fish cake),153,,,4th floor in Shark Jaw building Hàm cá mập,,21.03209279,105.8518166,,514,,29
6 30 pm Drink coffee at Cong Cafe,152,,,"The milk tea I ordered was not very good, so stick with coffee :) Nice view though",,21.0323783,105.8514972,,487,,29
"4 30pm Hop on, hop-off bus tour",151,,,They have cone hats just in case it's too hot also watch out for those branches ,,21.0313148,105.8511214,,448,,29
4pm Eat Trang Tien ice-cream,150,,,"Vanilla and young rice flavors are the best, in my opinion",,21.017031,105.8308279,,357,,29
2pm Visit Hoa Lo prison,149,,,,,21.0253297,105.8464781,,326,,29
12pm Eat Bun Cha Hang Manh,148,,,"Order the special bowl with egg rolls, so good!!!",,21.0323252,105.8481684,,268,,29
10am Visit Văn Miếu Quốc Tử Giám (The first university of Vietnam),147,,,文廟 - 國子監 Watch out for the high door barrier,,21.0281175,105.8356692,,208,,29
8am Drink egg coffee,146,,,Sit at the top to see Hoan Kiem Lake,,21.0304834,105.8487933,,118,,29
Ice Buah,145,,,Es Buah Gerjen Keraton Yogyakarta,,-7.8038095,110.3605742,,1189,,28
Ayam Goreng Jawa,144,,,,,-7.8394506,110.3342889,,761,,28
Bakpia,143,,,,,-7.7969381,110.3580698,,397,,28
Soto Ayam,142,,,Warung Soto Kadipiro II,,-7.8010518,110.3457343,,182,,28
Bubur Jogja,141,,,Pasar Lempuyangan,,-7.7922079,110.3734246,,48,,28
大東屋日式料理 斗六棒球旗艦店,140,,,,,23.7173369,120.5340086,,150,,27
阿賜豬腳,139,,,,,23.7094377,120.5436973,,103,,27
尚屋宵夜豆奶專賣店 台南市新營區復興路144-4號,138,,,玉米濃湯好喝 鹹蛋奶酥很香,,23.3033513,120.3086967,,1269,,26
阿崑日式小吃店 台南市新營區南紙街39號,137,,,,,23.300208,120.2944285,,1109,,26
日安漫漫自然野酵烘焙 台南市新營區周武街64號,136,,,,,23.311882,120.3096561,,1004,,26
大口香雞排 台南市新營區新進路6號,135,,,必點招牌雞肉串 揪西重口味,,23.3064266,120.3221834,,900,,26
莊記豬排飯 台南市新營區中興路24號,134,,,有乾的鍋燒意麵,,23.303224,120.3168946,,825,,26
甘單冰菓 台南市新營區民治路148-1號,133,,,,,23.3096807,120.3081187,,677,,26
莊記剉冰 台南市新營區民生路19號 好吃,132,,,,,23.3049915,120.309323,,660,,26
沈記豬頭飯 台南市新營區民治路208號,131,,,必點香腸 豬頭飯沒有豬頭別緊張,,23.3083473,120.3046735,,573,,26
阿專砂鍋魚頭 台南市新營區三民路36之4號,130,,,,,23.307557,120.319826,,539,,26
金品雞魯飯 台南市新營區中正路52號,129,,,,,23.3117078,120.3168213,,533,,26
和誠鹽粿 台南市新營區民生路15號,128,,,,,23.3044988,120.3094745,,531,,26
光頭蛋餅 台南市新營區東興路203號,127,,, 大推乳酪絲 紫薯口味 非常綿密,,23.3167404,120.3228965,,402,,26
藍盤子 台南市新營區東興路108號,126,,,連鎖早餐店 蛋沙拉吐司有蜂蜜偏甜,,23.3139631,120.3234267,,327,,26
無名豆菜麵 台南市新營區民治路24-2號,125,,,苦瓜魚頭湯讚讚 豆菜麵我也吃不懂,,23.3111382,120.3178857,,219,,26
圓圓豆漿 台南市新營區中興路24號,124,,,手擀蛋皮派蛋餅 早上九點半就賣完,,23.3033126,120.3168391,,192,,26
南紙街無名早餐店 台南市新營區南紙街72號,123,,,厚炸粉漿蛋餅 外酥脆內軟爛,,23.2996893,120.2942225,,81,,26
Warung Sate Kambing Muda Bu Pariyem,122,,,,,-7.568128,110.8281711,,478,,25
Sate Kambing & Thengkleng Rica-Rica Pak Manto,121,,,,,-7.5705238,110.8168541,,638,,25
Selat Solo Tenda Biru - Dr. Wahidin,120,,,,,-7.5686559,110.8052207,,869,,25
Mrs. Lidya's Serabi Notosuman,119,,,,,-7.5774521,110.8201082,,1087,,25
Yayasan Perguruan 'Al-Islam' Surakarta,118,,,,,-7.5747225,110.8158688,,1330,,25
Pasar Gede Hardjonagoro,117,,,,,-7.5693566,110.8314446,,52,,25
Restoran Kapitan,116,,,,,5.4196923,100.317437,,540,,24
Batu Caves,115,,,黑風洞是個擁有一系列洞穴與寺廟的石灰岩山丘，位在距離馬來西亞吉隆坡北方13公里的雪蘭莪州鵝嘜縣。其名「Batu」來自於山丘旁的峇都河，此外黑風洞也是當地的村名，又稱峇都喼。黑風洞為印度外著名的印度教聖地之一，祭拜室建陀，並且是馬來西亞大寶森節慶典的重鎮。,,3.2378844,101.6840385,,100,,24
神級迴轉壽司-なごやか亭,114,,,,,43.0463492,141.4142756,,759,,23
北海道拿鐵-BARISTART COFFEE,113,,,,,43.058379,141.3512842,,702,,23
弟子屈拉麵,112,,,,,43.05466,141.354336,,573,,23
平價串燒-串鳥,111,,,,,0,0,,395,,23
溫泉蛋冰淇淋-ジェイグラッセ(J・glaceée),110,,,,,42.9659542,141.1612198,,223,,23
蕎麥麵-生そば紅葉亭,109,,,,,42.9677163,141.1673504,,29,,23
町田,108,,,,,37.9243729,139.0459039,,564,,22
Bandai Bridge,107,,,,,37.9195424,139.0531961,,509,,22
万代蕎麥&咖哩,106,,,,,37.9168212,139.0556205,,437,,22
長岡小嶋屋 CoCoLo新潟南館店,105,,,,,37.9117634,139.0628316,,300,,22
新潟驛 Ponshukan Niigata Station,104,,,,,37.9110196,139.0608655,,103,,22
新潟機場,103,,,,,37.9523671,139.1132661,,0,,22
Bopome,102,,,,,48.8718855,2.3626481,,0,,21
Chez Ajia,101,,,台灣餐廳。滷肉飯（台語拼音）、挂包、黑糖粿，白色小木屋裡的島嶼經典美食,,48.8555773,2.3607407,,0,,21
八甲田酒店Hakkoda Hotel,100,,,,,40.6456645,140.8523065,,415,,20
地獄沼,99,,,火山噴發旁的沼澤，水溫90度，沒有生物生長,,40.64734402,140.8540595,,304,,20
酸之湯,98,,,,,40.6479876,140.8482922,,183,,20
Aomori Gyosai Center (Aomori Nokkedon)青森魚菜中心(古川市場),97,,,)のっけ丼：自選配料海鮮丼飯,,40.8258942,140.735916,,92,,20
新青森車站,96,,,,,40.8281932,140.6934715,,46,,20
吉隆坡會展中心 (Kuala Lumpur Convention Centre),95,,,,,3.1533592,101.7130314,,489,,19
茨廠街市場,94,,,,,3.1426061,101.6979158,,0,,19
タジマシュゾウ (田嶋酒造),93,,,,,36.0608925,136.202822,,962,,18
(株)越の磯,92,,,,,36.0800946,136.2052918,,828,,18
Ashiyu (芦湯),91,,,,,36.223825,136.1926257,,705,,18
森本 湖畔之宿 Kohan no Yado Morimoto,90,,,,,36.346404,136.367377,,164,,18
加賀溫泉,89,,,,,36.3205504,136.3503149,,1205,,18
福井駅,88,,,,,36.0616504,136.2235456,,1145,,18
越前がに・海鮮丼料理 みくに隠居処,87,,,店名的由來是從前福井藩主・松平春嶽的參謀中根雪江的隱居所「煙波樓」就位在三國港，因此取名『三國隱居處』三國位處於寒暖流交匯區，據稱是最佳的漁場。而這家餐廳就可以品嘗到從這最佳漁場捕撈的當地魚種與甜蝦等海產。尤其以店家自豪的「三國海鮮丼」最受歡迎，使用鮪魚腹肉與新鮮的當季魚類等約10種生魚片滿滿盛放，多到要從碗中滿溢而出。當地捕撈的甜蝦搭配冬季越前蟹肉的澎拜豪華海鮮丼，是遠道前來三國一定要品嘗的美食。,,36.2235008,136.1360132,,241,,18
東尋坊,86,,,地理景觀獨特的海崖,,36.23774342,136.1265548,,0,,18
蘆原溫泉站,85,,,,,36.2145546,136.2350145,,138,,18
十條湯Jūjō-yu Public Bath,84,,,,,35.7628497,139.7202159,,0,,17
山貓軒 餐廳,83,,,,,39.3994579,141.1645876,,690,,16
宮澤賢治童話村,82,,,,,39.3977343,141.1690681,,553,,16
鉛温泉 藤三旅館,81,,,日本最深天然湧出溫泉,,39.4655517,140.9917488,,0,,16
而今庵蕎麥麵店,80,,,,,35.4923047,138.8046274,,909,,15
灣仔內自助餐,79,,,,,22.6503183,120.316868,,838,,14
陳家油飯,78,,,,,22.6451795,120.3239384,,663,,14
江豪記臭豆腐王,77,,,,,22.6528528,120.3308708,,513,,14
人和素食,76,,,,,22.640847,120.316715,,230,,14
紅鼻子豬腳,75,,,,,22.6195441,120.3011588,,30,,14
山盟海誓,74,,,,,22.6436518,120.253303,,473,,13
鴨肉珍,73,,,,,22.6249317,120.2811655,,15,,13
大腸蚵仔麵線,72,,,,,22.6452512,120.3242407,,260,,12
蓮花春捲,71,,,,,22.6439198,120.325556,,513,,12
香味海產粥,70,,,,,22.6334491,120.3164975,,28,,12
Ramen Hayashida - Shinjuku,69,,,,,35.6908792,139.7037259,,765,,11
Luke’s Lobster（龍蝦堡）,68,,,,,35.6654366,139.7044904,,1481,,11
燒肉亭 六歌仙,67,,,,,35.6933877,139.6988155,,1381,,11
カレーは飲み物,66,,,,,35.70085,139.775846,,1233,,11
代代木公園,65,,,,,35.6715869,139.6967028,,1024,,11
takeshita street 竹下通,64,,,,,35.6710387,139.7051766,,970,,11
神宮橋,63,,,,,35.6696711,139.7024667,,861,,11
AFURI 原宿,62,,,,,35.6730053,139.7038019,,828,,11
Gyukatsu IROHA (牛かつ いろは),61,,,炸牛排,,35.7311734,139.7142784,,335,,11
Ricoland Tokyo Bay,60,,,機車材料行,,35.6425061,139.8044968,,292,,11
富士電視台,59,,,,,35.626605,139.774056,,289,,11
teamLab Planets TOKYO,58,,,“身臨其境/ Body Immersive”為概念，由4個巨大的作品空間，共計7項作品所組成的，“可置身於水中參觀的美術館”,,35.6491207,139.7897739,,131,,11
5963 Hotel Higashi Ikebukuro,57,,,,,35.7302448,139.7245841,,38,,11
箱根湯本駅,56,,,,,35.2333827,139.1039163,,0,,10
塔ノ沢一の湯 本館,55,,,,,35.2331732,139.0934362,,385,,10
渋谷 SKY,54,,,9:20pm 最後進場時間,,35.6584638,139.7022621,,5180,,8
KITH 東京店,53,,,,,35.662959,139.7019806,,5114,,8
玩具店 Yamashiroya,52,,,,,35.711328,139.7753067,,5002,,8
上野精養軒,51,,,,,35.7142277,139.7721777,,4880,,8
不忍池,50,,,,,35.7114629,139.770865,,4714,,8
西鄉隆盛銅像,49,,,,,35.711865,139.7741721,,4337,,8
高台寺,48,,,夜間參拜,,35.0005099,135.7812183,,3449,,8
清水寺本堂,47,,,,,34.9948362,135.7850001,,3140,,8
七味家本舖,46,,,,,34.9963109,135.7807854,,3623,,8
洋食やろく お持ち帰り専門店,45,,,可樂餅,,34.6146195,135.4908248,,1791,,8
住吉大社,44,神社,,"可以尋找""五大力""的石頭。「大歲社」有一顆占卜用的「輕重石（おもかる石）」，一邊心念願望，一邊拿起石頭，覺得石頭輕就表示願望能成真，重則反之。",,34.6123945,135.4937612,,749,,8
水井茶堂,43,,,,,24.7007348,121.0582097,,6055,,9
DAYLILY,42,,,,,25.0592896,121.5641286,,3574,,7
巴賽麗廳 La Brasserie,41,,,餐廳,,25.0627962,121.5298826,,3511,,7
千里足體,40,,,,,25.041586,121.578741,,3285,,7
千里足體,39,,,,,25.0518549,121.5302263,,3285,,7
Liquide Ambre 琥泊,38,,,,,25.0256167,121.5509996,,3163,,7
鼎泰豐 101店,37,,,,,25.03346,121.5644841,,2897,,7
大倉久和大飯店The Nine烘焙坊,36,,,,,25.0524222,121.5233334,,2831,,7
台北犁記,35,,,,,25.0485971,121.5340321,,2696,,7
Paper St. Coffee Company,34,,,,,25.043601,121.530227,,2600,,7
和苑三井花園飯店 台北忠孝,33,,,,,25.0418389,121.5343299,,0,,7
豆花莊,32,,,,,25.057382,121.5155865,,2405,,7
寧夏夜市,31,,,,,25.0563776,121.5154103,,2203,,7
林茂森茶行,30,,,,,25.060471,121.513731,,2059,,7
地衣荒物,29,,,,,25.056469,121.510783,,1876,,7
問鼎 ‧ 皇上吉祥 宮廷火鍋,28,,,,,25.0434834,121.5062436,,1684,,7
鼎元豆漿,27,,,,,25.0313264,121.5211796,,1460,,7
真心台菜,26,,,,,25.0343074,121.5659555,,1308,,7
朋丁,25,,,書店,,25.0491925,121.5220399,,1253,,7
金雞園,24,,,排骨、牛肉麵,,25.0157159,121.5326235,,1046,,7
墨潮青蛙撞奶,23,,,,,25.0156409,121.532435,,1015,,7
二吉軒豆乳 永康店,22,,,,,25.0298439,121.5294631,,165,,7
10/10 HOPE(台北 永康旗艦店),21,,,,,25.0312829,121.52971,,704,,7
宜龍 永康門市,20,,,茶器,,25.0313957,121.530192,,642,,7
天津蔥抓餅,19,,,,,25.0326689,121.5297056,,559,,7
金峰魯肉飯（チンフォンルゥロウファン）,18,,,,,25.0320264,121.5184989,,355,,7
紀州庵文學森林,17,,,,,0,0,,270,,3
二二八國家紀念館,16,,,,,0,0,,177,,3
陳家油飯,15,,,,,22.6451795,120.3239384,,663,,6
江豪記臭豆腐王,14,,,,,22.6528528,120.3308708,,514,,6
人和素食,13,,,,,22.640847,120.316715,,231,,6
紅鼻子豬腳,12,,,,,22.6195441,120.3011588,,21,,6
老店柏弘肉燥,11,,,,,22.6217788,120.3079306,,1122,,5
菜粽李粽店,10,,,,,22.6159406,120.2968242,,791,,5
正宗鴨肉飯,9,,,,,22.6646111,120.3095426,,422,,5
北平楊寶寶蒸餃,8,,,,,22.7242123,120.3277346,,297,,5
舊市羊肉,7,,,,,22.798521,120.2840958,,174,,5
湖東牛肉館,6,,,,,22.8777954,120.2518613,,23,,5
小雅茶飲-芋頭西米露,5,,,,,22.6437505,120.3080378,,820,,4
test,4,,,,,0,0,,0,,1
チェンダスキーレンタル（青達雪具）,3,tag1,,note2,,36.9375351,138.8074152,1,90,,1
挽肉と米,2,tag2,,note3,,35.7058377,139.5777778,,95,,1
yushengc home,1,,,,,22.631373,120.314208,,,,2
,,,,,,,,,,,
,,,,,,,,,,,
,,,,,,,,,,,
,,,,,,,,,,,
,,,,,,,,,,,
,,,,,,,,,,,
,,,,,,,,,,,
,,,,,,,,,,,
,,,,,,,,,,,
,,,,,,,,,,,
,,,,,,,,,,,
,,,,,,,,,,,
,,,,,,,,,,,
,,,,,,,,,,,
,,,,,,,,,,,
,,,,,,,,,,,
,,,,,,,,,,,
,,,,,,,,,,,
,,,,,,,,,,,
,,,,,,,,,,,
,,,,,,,,,,,
,,,,,,,,,,,
,,,,,,,,,,,
,,,,,,,,,,,
,,,,,,,,,,,
,,,,,,,,,,,
,,,,,,,,,,,
,,,,,,,,,,,
,,,,,,,,,,,
,,,,,,,,,,,
,,,,,,,,,,,
,,,,,,,,,,,
,,,,,,,,,,,
,,,,,,,,,,,
,,,,,,,,,,,
,,,,,,,,,,,
,,,,,,,,,,,
,,,,,,,,,,,
,,,,,,,,,,,
,,,,,,,,,,,
,,,,,,,,,,,
,,,,,,,,,,,
,,,,,,,,,,,
,,,,,,,,,,,
,,,,,,,,,,,
,,,,,,,,,,,
,,,,,,,,,,,
,,,,,,,,,,,
,,,,,,,,,,,
,,,,,,,,,,,
,,,,,,,,,,,
,,,,,,,,,,,
,,,,,,,,,,,
,,,,,,,,,,,
,,,,,,,,,,,
,,,,,,,,,,,
,,,,,,,,,,,
,,,,,,,,,,,
,,,,,,,,,,,
,,,,,,,,,,,
,,,,,,,,,,,
,,,,,,,,,,,
,,,,,,,,,,,
,,,,,,,,,,,
,,,,,,,,,,,
,,,,,,,,,,,
,,,,,,,,,,,
,,,,,,,,,,,
,,,,,,,,,,,
,,,,,,,,,,,
,,,,,,,,,,,
,,,,,,,,,,,
,,,,,,,,,,,
,,,,,,,,,,,
,,,,,,,,,,,
,,,,,,,,,,,
,,,,,,,,,,,
,,,,,,,,,,,
,,チェンダスキーレンタル（青達雪具）,,,,,,,,,
,,,,,,,,,,,
,,,,,,,,,,,
,,,,,,,,,,,
,,,,,,,,,,,
,,,,,,,,,,,
,,,,,,,,,,,
,,,,,,,,,,,
,,,,,,,,,,,
,,,,,,,,,,,
,,挽肉と米,,,,,,,,,