timestamp,story_id,ip,referrer
2026-06-21T15:58:40.365Z,1003,::1,"http://localhost:3000/blog.html"
2026-06-21T15:58:41.244Z,1010,::1,"http://localhost:3000/blog.html"
2026-06-21T15:58:48.422Z,1010,::1,"http://localhost:3000/blog.html"
2026-06-21T15:58:55.678Z,1002,::1,"http://localhost:3000/blog.html"
2026-06-21T15:59:11.651Z,1001,::1,"http://localhost:3000/blog.html"
2026-06-21T15:59:32.645Z,1001,::1,"http://localhost:3000/blog.html"
2026-06-21T15:59:41.033Z,1001,::1,"http://localhost:3000/blog.html"
2026-06-21T16:01:16.494Z,1010,::1,"http://localhost:3000/blog.html"
2026-06-21T16:05:50.094Z,1010,::1,"http://localhost:3000/blog.html"
2026-06-21T16:10:33.739Z,1001,::1,"http://localhost:3000/blog.html"
2026-06-21T16:10:38.885Z,1011,::1,"http://localhost:3000/blog.html"
2026-06-21T16:11:58.363Z,1011,::1,"http://localhost:3000/blog.html"
2026-06-21T16:12:15.103Z,1010,::1,"http://localhost:3000/blog.html"
2026-06-21T16:12:34.664Z,1011,::1,"http://localhost:3000/blog.html"
